county_fips,county,state,PCT_poverty_rate_2015,PCT_poverty_rate_2015_children
1001,Autauga,AL,12.7,18.8
1003,Baldwin,AL,12.9,19.6
1005,Barbour,AL,32.0,45.2
1007,Bibb,AL,22.2,29.3
1009,Blount,AL,14.7,22.2
1011,Bullock,AL,39.6,51.2
1013,Butler,AL,25.8,36.0
1015,Calhoun,AL,20.0,30.7
1017,Chambers,AL,22.4,34.4
1019,Cherokee,AL,19.4,30.2
1021,Chilton,AL,20.2,28.1
1023,Choctaw,AL,24.4,33.5
1025,Clarke,AL,22.2,30.9
1027,Clay,AL,18.4,27.3
1029,Cleburne,AL,18.9,27.7
1031,Coffee,AL,16.2,23.7
1033,Colbert,AL,18.1,26.9
1035,Conecuh,AL,28.3,41.0
1037,Coosa,AL,20.3,32.2
1039,Covington,AL,22.3,34.1
1041,Crenshaw,AL,19.9,29.6
1043,Cullman,AL,19.4,24.7
1045,Dale,AL,18.5,29.0
1047,Dallas,AL,34.6,50.1
1049,DeKalb,AL,20.6,28.9
1051,Elmore,AL,14.0,19.9
1053,Escambia,AL,24.4,32.0
1055,Etowah,AL,19.0,30.7
1057,Fayette,AL,20.4,29.4
1059,Franklin,AL,21.1,32.4
1061,Geneva,AL,22.4,34.8
1063,Greene,AL,37.7,54.7
1065,Hale,AL,28.5,38.6
1067,Henry,AL,17.0,27.5
1069,Houston,AL,18.3,29.5
1071,Jackson,AL,18.4,26.9
1073,Jefferson,AL,18.0,26.2
1075,Lamar,AL,24.7,33.8
1077,Lauderdale,AL,17.3,23.9
1079,Lawrence,AL,18.7,26.4
1081,Lee,AL,21.0,20.7
1083,Limestone,AL,14.3,18.8
1085,Lowndes,AL,35.2,46.7
1087,Macon,AL,32.2,46.1
1089,Madison,AL,13.3,19.1
1091,Marengo,AL,23.3,34.8
1093,Marion,AL,19.8,30.4
1095,Marshall,AL,20.1,32.7
1097,Mobile,AL,18.4,26.9
1099,Monroe,AL,28.6,35.7
1101,Montgomery,AL,22.8,33.8
1103,Morgan,AL,16.4,24.0
1105,Perry,AL,40.0,54.4
1107,Pickens,AL,24.3,35.3
1109,Pike,AL,25.9,36.0
1111,Randolph,AL,18.7,31.7
1113,Russell,AL,23.0,36.3
1115,St. Clair,AL,12.4,17.5
1117,Shelby,AL,8.5,10.2
1119,Sumter,AL,33.2,44.2
1121,Talladega,AL,22.4,31.1
1123,Tallapoosa,AL,21.7,34.5
1125,Tuscaloosa,AL,20.0,25.1
1127,Walker,AL,20.6,31.1
1129,Washington,AL,22.4,31.5
1131,Wilcox,AL,33.2,49.2
1133,Winston,AL,18.9,29.3
2013,Aleutians East,AK,17.4,15.5
2016,Aleutians West,AK,8.5,8.5
2020,Anchorage,AK,8.7,12.4
2050,Bethel,AK,24.2,31.5
2060,Bristol Bay,AK,9.0,8.6
2068,Denali,AK,6.6,10.2
2070,Dillingham,AK,20.0,30.4
2090,Fairbanks North Star,AK,8.1,10.1
2100,Haines,AK,10.9,20.2
2105,Hoonah-Angoon,AK,16.2,29.2
2110,Juneau,AK,8.0,10.1
2122,Kenai Peninsula,AK,11.4,14.0
2130,Ketchikan Gateway,AK,10.3,14.4
2150,Kodiak Island,AK,7.5,9.3
2164,Lake and Peninsula,AK,19.3,31.4
2170,Matanuska-Susitna,AK,9.8,11.8
2180,Nome,AK,21.4,27.6
2185,North Slope,AK,12.6,17.6
2188,Northwest Arctic,AK,26.3,34.9
2195,Petersburg,AK,7.9,10.3
2198,Prince of Wales-Hyder,AK,15.6,23.8
2220,Sitka,AK,9.2,10.4
2230,Skagway,AK,3.7,6.3
2240,Southeast Fairbanks,AK,13.5,21.4
2261,Valdez-Cordova,AK,9.5,12.2
2270,Wade Hampton,AK,,
2275,Wrangell,AK,12.0,16.0
2282,Yakutat,AK,15.4,26.1
2290,Yukon-Koyukuk,AK,23.4,34.4
4001,Apache,AZ,38.0,44.7
4003,Cochise,AZ,16.9,25.7
4005,Coconino,AZ,19.5,20.7
4007,Gila,AZ,21.3,36.6
4009,Graham,AZ,22.9,26.9
4011,Greenlee,AZ,10.1,11.3
4012,La Paz,AZ,22.2,36.9
4013,Maricopa,AZ,16.3,23.0
4015,Mohave,AZ,17.4,29.8
4017,Navajo,AZ,28.1,36.7
4019,Pima,AZ,18.7,27.7
4021,Pinal,AZ,15.8,21.6
4023,Santa Cruz,AZ,24.4,36.7
4025,Yavapai,AZ,15.1,23.4
4027,Yuma,AZ,21.1,30.8
5001,Arkansas,AR,20.7,30.5
5003,Ashley,AR,19.6,31.2
5005,Baxter,AR,16.4,28.5
5007,Benton,AR,10.8,15.3
5009,Boone,AR,16.5,25.1
5011,Bradley,AR,28.0,40.2
5013,Calhoun,AR,16.7,23.1
5015,Carroll,AR,16.6,27.7
5017,Chicot,AR,31.4,43.2
5019,Clark,AR,22.5,28.2
5021,Clay,AR,20.8,27.9
5023,Cleburne,AR,15.6,24.7
5025,Cleveland,AR,18.1,25.9
5027,Columbia,AR,23.8,32.8
5029,Conway,AR,17.8,29.1
5031,Craighead,AR,17.3,24.3
5033,Crawford,AR,14.4,22.5
5035,Crittenden,AR,25.9,37.3
5037,Cross,AR,21.5,31.8
5039,Dallas,AR,21.3,35.9
5041,Desha,AR,30.9,45.7
5043,Drew,AR,21.2,29.3
5045,Faulkner,AR,14.8,17.0
5047,Franklin,AR,18.2,26.9
5049,Fulton,AR,19.4,34.2
5051,Garland,AR,19.3,28.2
5053,Grant,AR,13.2,18.8
5055,Greene,AR,17.1,24.9
5057,Hempstead,AR,24.1,34.1
5059,Hot Spring,AR,20.8,28.1
5061,Howard,AR,18.7,30.7
5063,Independence,AR,18.0,26.8
5065,Izard,AR,19.8,31.4
5067,Jackson,AR,27.5,39.7
5069,Jefferson,AR,26.5,37.8
5071,Johnson,AR,21.8,29.1
5073,Lafayette,AR,22.7,36.3
5075,Lawrence,AR,23.7,33.5
5077,Lee,AR,35.9,48.7
5079,Lincoln,AR,25.1,27.4
5081,Little River,AR,19.9,28.2
5083,Logan,AR,20.5,30.5
5085,Lonoke,AR,11.9,16.7
5087,Madison,AR,18.8,29.1
5089,Marion,AR,18.8,34.7
5091,Miller,AR,22.3,31.5
5093,Mississippi,AR,26.3,37.6
5095,Monroe,AR,30.9,46.7
5097,Montgomery,AR,21.8,34.8
5099,Nevada,AR,24.0,35.6
5101,Newton,AR,24.2,37.1
5103,Ouachita,AR,22.8,35.1
5105,Perry,AR,16.8,25.9
5107,Phillips,AR,37.3,56.4
5109,Pike,AR,18.5,30.2
5111,Poinsett,AR,23.9,36.6
5113,Polk,AR,24.4,32.4
5115,Pope,AR,20.8,24.6
5117,Prairie,AR,19.6,28.5
5119,Pulaski,AR,19.4,27.7
5121,Randolph,AR,17.6,27.4
5123,St. Francis,AR,30.7,44.3
5125,Saline,AR,10.7,15.3
5127,Scott,AR,20.8,34.7
5129,Searcy,AR,22.2,39.1
5131,Sebastian,AR,22.1,29.9
5133,Sevier,AR,20.8,32.2
5135,Sharp,AR,24.6,39.2
5137,Stone,AR,21.5,36.3
5139,Union,AR,19.7,27.0
5141,Van Buren,AR,19.0,29.6
5143,Washington,AR,16.9,21.3
5145,White,AR,19.7,24.2
5147,Woodruff,AR,25.8,39.3
5149,Yell,AR,17.8,27.6
6001,Alameda,CA,11.5,13.8
6003,Alpine,CA,19.0,35.7
6005,Amador,CA,13.1,19.5
6007,Butte,CA,21.4,23.8
6009,Calaveras,CA,13.0,21.2
6011,Colusa,CA,13.2,19.4
6013,Contra Costa,CA,10.2,12.7
6015,Del Norte,CA,23.3,33.8
6017,El Dorado,CA,9.1,11.6
6019,Fresno,CA,25.2,36.3
6021,Glenn,CA,18.5,25.7
6023,Humboldt,CA,20.9,23.0
6025,Imperial,CA,24.3,31.4
6027,Inyo,CA,12.4,19.9
6029,Kern,CA,21.9,31.3
6031,Kings,CA,22.4,28.4
6033,Lake,CA,20.5,30.2
6035,Lassen,CA,17.1,19.7
6037,Los Angeles,CA,16.7,23.5
6039,Madera,CA,22.6,32.3
6041,Marin,CA,7.5,8.8
6043,Mariposa,CA,15.2,24.1
6045,Mendocino,CA,20.3,27.3
6047,Merced,CA,25.9,35.9
6049,Modoc,CA,20.3,31.1
6051,Mono,CA,11.2,17.3
6053,Monterey,CA,15.3,22.3
6055,Napa,CA,10.1,12.1
6057,Nevada,CA,12.4,16.4
6059,Orange,CA,12.7,16.8
6061,Placer,CA,8.6,9.0
6063,Plumas,CA,13.8,22.5
6065,Riverside,CA,16.2,22.6
6067,Sacramento,CA,16.9,22.7
6069,San Benito,CA,9.3,14.0
6071,San Bernardino,CA,18.9,27.3
6073,San Diego,CA,13.9,17.8
6075,San Francisco,CA,12.4,13.5
6077,San Joaquin,CA,17.5,23.7
6079,San Luis Obispo,CA,14.4,14.6
6081,San Mateo,CA,8.4,9.7
6083,Santa Barbara,CA,15.6,20.0
6085,Santa Clara,CA,8.3,9.0
6087,Santa Cruz,CA,15.4,17.6
6089,Shasta,CA,19.0,26.5
6091,Sierra,CA,13.8,17.4
6093,Siskiyou,CA,22.6,31.4
6095,Solano,CA,12.0,15.8
6097,Sonoma,CA,11.0,14.0
6099,Stanislaus,CA,19.5,26.6
6101,Sutter,CA,17.5,24.4
6103,Tehama,CA,22.5,32.1
6105,Trinity,CA,19.7,32.1
6107,Tulare,CA,27.2,36.3
6109,Tuolumne,CA,14.5,21.6
6111,Ventura,CA,9.9,14.3
6113,Yolo,CA,17.5,16.8
6115,Yuba,CA,21.6,31.7
8001,Adams,CO,12.8,17.3
8003,Alamosa,CO,24.0,30.2
8005,Arapahoe,CO,9.2,12.2
8007,Archuleta,CO,13.1,25.4
8009,Baca,CO,20.8,32.1
8011,Bent,CO,36.7,40.3
8013,Boulder,CO,12.3,10.9
8014,Broomfield,CO,4.9,5.8
8015,Chaffee,CO,11.7,17.5
8017,Cheyenne,CO,11.7,17.3
8019,Clear Creek,CO,9.6,14.3
8021,Conejos,CO,20.2,29.9
8023,Costilla,CO,28.2,43.3
8025,Crowley,CO,44.3,38.5
8027,Custer,CO,15.1,32.8
8029,Delta,CO,15.8,23.7
8031,Denver,CO,15.7,23.1
8033,Dolores,CO,14.9,22.4
8035,Douglas,CO,3.4,3.3
8037,Eagle,CO,7.6,10.6
8039,Elbert,CO,5.9,8.0
8041,El Paso,CO,11.0,14.9
8043,Fremont,CO,17.2,24.8
8045,Garfield,CO,10.3,14.6
8047,Gilpin,CO,8.0,12.0
8049,Grand,CO,8.3,13.5
8051,Gunnison,CO,12.5,14.3
8053,Hinsdale,CO,10.9,30.8
8055,Huerfano,CO,23.2,41.6
8057,Jackson,CO,13.9,25.3
8059,Jefferson,CO,7.9,9.7
8061,Kiowa,CO,13.9,22.1
8063,Kit Carson,CO,12.2,20.0
8065,Lake,CO,15.7,25.5
8067,La Plata,CO,9.4,11.5
8069,Larimer,CO,12.2,10.7
8071,Las Animas,CO,19.3,28.1
8073,Lincoln,CO,19.4,25.0
8075,Logan,CO,15.5,17.9
8077,Mesa,CO,14.1,17.8
8079,Mineral,CO,9.4,19.0
8081,Moffat,CO,11.7,17.4
8083,Montezuma,CO,19.3,28.7
8085,Montrose,CO,17.7,25.2
8087,Morgan,CO,12.1,16.9
8089,Otero,CO,20.6,30.6
8091,Ouray,CO,9.4,15.2
8093,Park,CO,9.2,14.7
8095,Phillips,CO,11.1,16.7
8097,Pitkin,CO,7.0,7.6
8099,Prowers,CO,19.6,27.9
8101,Pueblo,CO,19.8,27.1
8103,Rio Blanco,CO,9.7,11.2
8105,Rio Grande,CO,17.2,28.7
8107,Routt,CO,8.9,10.9
8109,Saguache,CO,29.6,49.3
8111,San Juan,CO,15.6,33.7
8113,San Miguel,CO,11.0,13.3
8115,Sedgwick,CO,13.6,23.8
8117,Summit,CO,8.7,10.3
8119,Teller,CO,8.8,15.3
8121,Washington,CO,11.4,15.6
8123,Weld,CO,11.3,13.5
8125,Yuma,CO,14.1,18.6
9001,Fairfield,CT,9.0,11.2
9003,Hartford,CT,11.1,15.7
9005,Litchfield,CT,7.4,9.4
9007,Middlesex,CT,6.7,7.4
9009,New Haven,CT,13.6,20.0
9011,New London,CT,11.1,17.4
9013,Tolland,CT,7.1,7.2
9015,Windham,CT,10.9,16.8
10001,Kent,DE,14.2,21.3
10003,New Castle,DE,12.1,17.6
10005,Sussex,DE,12.3,21.4
11001,District of Columbia,DC,17.7,28.3
12001,Alachua,FL,21.1,21.6
12003,Baker,FL,16.8,24.2
12005,Bay,FL,16.5,25.8
12007,Bradford,FL,21.3,31.0
12009,Brevard,FL,13.4,21.3
12011,Broward,FL,14.0,20.3
12013,Calhoun,FL,22.2,32.8
12015,Charlotte,FL,12.4,23.3
12017,Citrus,FL,17.5,31.4
12019,Clay,FL,11.6,15.7
12021,Collier,FL,13.6,22.9
12023,Columbia,FL,19.7,30.4
12027,DeSoto,FL,30.5,41.3
12029,Dixie,FL,29.3,38.2
12031,Duval,FL,16.0,25.4
12033,Escambia,FL,15.4,27.4
12035,Flagler,FL,11.7,20.9
12037,Franklin,FL,23.7,38.5
12039,Gadsden,FL,24.5,38.4
12041,Gilchrist,FL,19.2,29.5
12043,Glades,FL,22.1,33.1
12045,Gulf,FL,21.9,29.2
12047,Hamilton,FL,31.8,44.6
12049,Hardee,FL,25.9,36.5
12051,Hendry,FL,25.8,36.4
12053,Hernando,FL,14.3,24.5
12055,Highlands,FL,22.9,38.1
12057,Hillsborough,FL,15.8,21.4
12059,Holmes,FL,25.9,34.9
12061,Indian River,FL,13.0,22.5
12063,Jackson,FL,22.5,31.8
12065,Jefferson,FL,19.4,30.9
12067,Lafayette,FL,23.8,29.5
12069,Lake,FL,12.8,20.9
12071,Lee,FL,15.9,25.2
12073,Leon,FL,21.8,22.3
12075,Levy,FL,22.1,35.3
12077,Liberty,FL,22.6,29.9
12079,Madison,FL,27.0,36.9
12081,Manatee,FL,14.8,24.2
12083,Marion,FL,18.7,31.9
12085,Martin,FL,11.2,18.1
12086,Miami-Dade,FL,20.0,27.3
12087,Monroe,FL,11.3,18.8
12089,Nassau,FL,10.8,16.0
12091,Okaloosa,FL,11.3,18.7
12093,Okeechobee,FL,23.2,34.6
12095,Orange,FL,15.6,22.6
12097,Osceola,FL,18.5,27.5
12099,Palm Beach,FL,13.5,20.8
12101,Pasco,FL,14.6,19.5
12103,Pinellas,FL,13.6,20.6
12105,Polk,FL,17.3,26.7
12107,Putnam,FL,27.3,41.1
12109,St. Johns,FL,9.8,10.1
12111,St. Lucie,FL,16.4,25.3
12113,Santa Rosa,FL,12.3,16.9
12115,Sarasota,FL,9.7,17.6
12117,Seminole,FL,11.5,16.1
12119,Sumter,FL,10.1,30.6
12121,Suwannee,FL,23.6,35.2
12123,Taylor,FL,21.2,30.0
12125,Union,FL,26.2,26.4
12127,Volusia,FL,16.3,25.1
12129,Wakulla,FL,16.5,21.3
12131,Walton,FL,14.8,26.1
12133,Washington,FL,24.8,34.2
13001,Appling,GA,22.5,34.2
13003,Atkinson,GA,26.9,40.5
13005,Bacon,GA,23.9,36.8
13007,Baker,GA,28.7,41.9
13009,Baldwin,GA,26.0,35.5
13011,Banks,GA,15.8,24.4
13013,Barrow,GA,15.6,21.3
13015,Bartow,GA,13.6,21.5
13017,Ben Hill,GA,32.5,46.9
13019,Berrien,GA,25.5,36.9
13021,Bibb,GA,26.7,41.6
13023,Bleckley,GA,19.3,31.7
13025,Brantley,GA,21.6,34.3
13027,Brooks,GA,25.4,38.9
13029,Bryan,GA,13.1,16.2
13031,Bulloch,GA,29.9,31.3
13033,Burke,GA,25.1,37.9
13035,Butts,GA,19.0,26.9
13037,Calhoun,GA,37.5,42.4
13039,Camden,GA,13.6,20.4
13043,Candler,GA,28.1,43.3
13045,Carroll,GA,20.4,26.4
13047,Catoosa,GA,13.1,19.6
13049,Charlton,GA,32.5,37.7
13051,Chatham,GA,17.8,25.3
13053,Chattahoochee,GA,21.0,24.5
13055,Chattooga,GA,20.4,28.8
13057,Cherokee,GA,9.4,12.3
13059,Clarke,GA,38.1,41.6
13061,Clay,GA,34.3,52.0
13063,Clayton,GA,23.3,35.4
13065,Clinch,GA,28.2,39.6
13067,Cobb,GA,11.4,16.4
13069,Coffee,GA,22.6,34.0
13071,Colquitt,GA,24.1,35.5
13073,Columbia,GA,9.3,11.3
13075,Cook,GA,24.1,35.7
13077,Coweta,GA,10.9,16.4
13079,Crawford,GA,20.6,28.9
13081,Crisp,GA,32.3,47.4
13083,Dade,GA,16.2,21.8
13085,Dawson,GA,12.1,18.0
13087,Decatur,GA,27.3,39.9
13089,DeKalb,GA,17.8,27.7
13091,Dodge,GA,24.8,38.1
13093,Dooly,GA,33.8,45.4
13095,Dougherty,GA,29.4,42.1
13097,Douglas,GA,14.1,21.6
13099,Early,GA,26.5,41.6
13101,Echols,GA,25.9,39.3
13103,Effingham,GA,11.4,15.3
13105,Elbert,GA,23.7,35.3
13107,Emanuel,GA,27.0,40.2
13109,Evans,GA,27.4,41.8
13111,Fannin,GA,17.4,29.8
13113,Fayette,GA,7.0,10.0
13115,Floyd,GA,19.6,28.7
13117,Forsyth,GA,6.3,6.9
13119,Franklin,GA,21.9,31.3
13121,Fulton,GA,16.0,23.8
13123,Gilmer,GA,16.9,30.6
13125,Glascock,GA,17.8,24.4
13127,Glynn,GA,18.2,30.0
13129,Gordon,GA,18.1,26.4
13131,Grady,GA,29.3,41.1
13133,Greene,GA,21.2,37.9
13135,Gwinnett,GA,12.6,17.9
13137,Habersham,GA,16.6,23.5
13139,Hall,GA,16.9,24.3
13141,Hancock,GA,34.7,43.7
13143,Haralson,GA,19.2,27.0
13145,Harris,GA,9.9,13.6
13147,Hart,GA,18.6,28.7
13149,Heard,GA,19.1,30.7
13151,Henry,GA,9.9,15.8
13153,Houston,GA,15.2,22.6
13155,Irwin,GA,24.7,37.1
13157,Jackson,GA,13.0,17.8
13159,Jasper,GA,17.4,28.9
13161,Jeff Davis,GA,21.7,34.1
13163,Jefferson,GA,27.7,39.7
13165,Jenkins,GA,35.9,47.3
13167,Johnson,GA,30.2,37.1
13169,Jones,GA,14.2,20.7
13171,Lamar,GA,21.0,29.3
13173,Lanier,GA,21.8,35.9
13175,Laurens,GA,25.5,36.0
13177,Lee,GA,10.7,16.1
13179,Liberty,GA,20.3,27.3
13181,Lincoln,GA,21.4,31.9
13183,Long,GA,19.1,27.7
13185,Lowndes,GA,26.5,32.4
13187,Lumpkin,GA,16.5,22.4
13189,McDuffie,GA,27.4,40.5
13191,McIntosh,GA,24.0,39.3
13193,Macon,GA,33.5,43.6
13195,Madison,GA,15.1,23.0
13197,Marion,GA,25.5,40.1
13199,Meriwether,GA,22.1,33.7
13201,Miller,GA,25.1,37.8
13205,Mitchell,GA,28.0,38.1
13207,Monroe,GA,14.2,19.5
13209,Montgomery,GA,24.3,32.2
13211,Morgan,GA,14.3,22.8
13213,Murray,GA,17.8,26.7
13215,Muscogee,GA,22.2,31.1
13217,Newton,GA,14.9,23.3
13219,Oconee,GA,6.8,8.6
13221,Oglethorpe,GA,16.9,25.2
13223,Paulding,GA,8.8,12.7
13225,Peach,GA,22.0,33.4
13227,Pickens,GA,12.6,22.2
13229,Pierce,GA,22.1,31.1
13231,Pike,GA,11.7,16.9
13233,Polk,GA,20.8,32.3
13235,Pulaski,GA,24.4,34.5
13237,Putnam,GA,18.1,33.1
13239,Quitman,GA,28.9,47.9
13241,Rabun,GA,16.1,28.1
13243,Randolph,GA,26.9,44.1
13245,Richmond,GA,24.3,37.7
13247,Rockdale,GA,15.9,26.0
13249,Schley,GA,19.5,29.0
13251,Screven,GA,27.0,40.0
13253,Seminole,GA,25.8,42.7
13255,Spalding,GA,22.2,35.5
13257,Stephens,GA,21.2,31.0
13259,Stewart,GA,42.0,48.4
13261,Sumter,GA,30.8,48.1
13263,Talbot,GA,25.6,41.8
13265,Taliaferro,GA,33.5,54.4
13267,Tattnall,GA,27.5,36.1
13269,Taylor,GA,27.3,41.1
13271,Telfair,GA,34.7,42.2
13273,Terrell,GA,36.5,55.7
13275,Thomas,GA,21.7,32.4
13277,Tift,GA,27.1,39.8
13279,Toombs,GA,25.1,39.0
13281,Towns,GA,16.7,26.6
13283,Treutlen,GA,28.7,41.6
13285,Troup,GA,19.3,28.4
13287,Turner,GA,28.4,44.8
13289,Twiggs,GA,26.3,35.1
13291,Union,GA,14.3,26.7
13293,Upson,GA,22.7,33.7
13295,Walker,GA,18.8,26.5
13297,Walton,GA,12.7,19.3
13299,Ware,GA,28.4,45.6
13301,Warren,GA,27.7,43.9
13303,Washington,GA,26.3,36.5
13305,Wayne,GA,20.8,32.8
13307,Webster,GA,23.6,36.1
13309,Wheeler,GA,39.3,39.2
13311,White,GA,15.2,24.9
13313,Whitfield,GA,15.3,22.1
13315,Wilcox,GA,30.4,40.4
13317,Wilkes,GA,22.9,34.7
13319,Wilkinson,GA,20.9,34.2
13321,Worth,GA,21.7,34.3
15001,Hawaii,HI,18.3,28.5
15003,Honolulu,HI,9.2,11.5
15005,Kalawao,HI,,
15007,Kauai,HI,11.2,15.9
15009,Maui,HI,10.7,15.3
16001,Ada,ID,11.7,12.2
16003,Adams,ID,15.8,26.5
16005,Bannock,ID,22.3,22.2
16007,Bear Lake,ID,13.7,19.7
16009,Benewah,ID,18.0,25.5
16011,Bingham,ID,14.0,18.2
16013,Blaine,ID,8.9,12.0
16015,Boise,ID,14.4,23.0
16017,Bonner,ID,15.8,23.6
16019,Bonneville,ID,13.2,16.7
16021,Boundary,ID,15.8,24.3
16023,Butte,ID,15.9,20.2
16025,Camas,ID,10.7,15.4
16027,Canyon,ID,15.9,19.1
16029,Caribou,ID,10.8,14.0
16031,Cassia,ID,16.7,20.5
16033,Clark,ID,15.3,16.5
16035,Clearwater,ID,15.3,24.0
16037,Custer,ID,14.0,19.5
16039,Elmore,ID,15.0,21.7
16041,Franklin,ID,9.7,13.0
16043,Fremont,ID,15.0,24.1
16045,Gem,ID,15.8,24.2
16047,Gooding,ID,13.9,21.3
16049,Idaho,ID,16.3,23.0
16051,Jefferson,ID,10.5,13.9
16053,Jerome,ID,15.8,21.7
16055,Kootenai,ID,14.7,19.2
16057,Latah,ID,19.6,14.5
16059,Lemhi,ID,17.6,26.8
16061,Lewis,ID,16.3,26.8
16063,Lincoln,ID,14.5,23.6
16065,Madison,ID,28.1,18.6
16067,Minidoka,ID,17.0,20.7
16069,Nez Perce,ID,13.5,18.5
16071,Oneida,ID,12.2,18.1
16073,Owyhee,ID,19.9,30.2
16075,Payette,ID,15.7,22.0
16077,Power,ID,14.1,20.8
16079,Shoshone,ID,21.1,30.3
16081,Teton,ID,9.8,15.9
16083,Twin Falls,ID,14.6,19.3
16085,Valley,ID,10.7,18.1
16087,Washington,ID,17.1,25.0
17001,Adams,IL,13.4,18.9
17003,Alexander,IL,28.6,52.2
17005,Bond,IL,14.8,19.1
17007,Boone,IL,10.3,14.5
17009,Brown,IL,16.7,15.8
17011,Bureau,IL,12.6,19.3
17013,Calhoun,IL,11.6,15.5
17015,Carroll,IL,10.7,19.3
17017,Cass,IL,12.2,18.1
17019,Champaign,IL,20.1,18.3
17021,Christian,IL,12.7,19.2
17023,Clark,IL,13.8,21.5
17025,Clay,IL,14.5,21.1
17027,Clinton,IL,8.5,12.0
17029,Coles,IL,21.8,24.5
17031,Cook,IL,16.2,23.5
17033,Crawford,IL,13.4,20.2
17035,Cumberland,IL,12.0,17.5
17037,DeKalb,IL,16.2,16.3
17039,De Witt,IL,11.6,19.3
17041,Douglas,IL,10.2,16.3
17043,DuPage,IL,7.1,9.2
17045,Edgar,IL,13.9,22.6
17047,Edwards,IL,11.3,15.9
17049,Effingham,IL,9.8,14.1
17051,Fayette,IL,18.5,29.8
17053,Ford,IL,11.3,18.1
17055,Franklin,IL,18.7,28.2
17057,Fulton,IL,14.9,21.0
17059,Gallatin,IL,17.9,27.7
17061,Greene,IL,16.6,23.4
17063,Grundy,IL,7.7,10.2
17065,Hamilton,IL,13.0,22.4
17067,Hancock,IL,12.7,19.0
17069,Hardin,IL,20.6,35.6
17071,Henderson,IL,11.5,18.8
17073,Henry,IL,10.7,14.7
17075,Iroquois,IL,13.3,20.1
17077,Jackson,IL,23.5,29.7
17079,Jasper,IL,12.0,16.7
17081,Jefferson,IL,16.7,26.5
17083,Jersey,IL,11.4,16.4
17085,Jo Daviess,IL,9.4,13.5
17087,Johnson,IL,14.3,19.5
17089,Kane,IL,10.8,16.1
17091,Kankakee,IL,15.2,22.3
17093,Kendall,IL,4.8,6.6
17095,Knox,IL,17.2,26.8
17097,Lake,IL,9.0,12.3
17099,LaSalle,IL,12.9,19.6
17101,Lawrence,IL,17.7,23.4
17103,Lee,IL,12.7,18.1
17105,Livingston,IL,12.8,18.2
17107,Logan,IL,13.7,20.1
17109,McDonough,IL,22.8,26.0
17111,McHenry,IL,8.1,10.7
17113,McLean,IL,11.7,11.6
17115,Macon,IL,18.2,27.7
17117,Macoupin,IL,13.7,21.1
17119,Madison,IL,12.9,17.7
17121,Marion,IL,18.0,29.5
17123,Marshall,IL,10.6,16.3
17125,Mason,IL,13.9,23.3
17127,Massac,IL,16.8,26.5
17129,Menard,IL,10.3,16.6
17131,Mercer,IL,10.1,13.8
17133,Monroe,IL,5.0,5.5
17135,Montgomery,IL,16.6,24.2
17137,Morgan,IL,14.8,22.3
17139,Moultrie,IL,8.6,15.6
17141,Ogle,IL,10.4,14.5
17143,Peoria,IL,15.6,23.0
17145,Perry,IL,16.8,23.6
17147,Piatt,IL,6.5,9.2
17149,Pike,IL,15.0,22.9
17151,Pope,IL,18.1,30.6
17153,Pulaski,IL,24.7,39.9
17155,Putnam,IL,8.8,16.0
17157,Randolph,IL,14.3,19.7
17159,Richland,IL,14.9,20.3
17161,Rock Island,IL,13.2,20.8
17163,St. Clair,IL,16.4,25.6
17165,Saline,IL,23.2,35.2
17167,Sangamon,IL,15.3,22.8
17169,Schuyler,IL,12.9,19.6
17171,Scott,IL,11.3,18.0
17173,Shelby,IL,11.6,17.1
17175,Stark,IL,12.7,17.7
17177,Stephenson,IL,13.0,22.5
17179,Tazewell,IL,8.4,12.2
17181,Union,IL,15.3,25.6
17183,Vermilion,IL,18.4,29.1
17185,Wabash,IL,12.2,19.6
17187,Warren,IL,14.3,20.8
17189,Washington,IL,8.8,13.7
17191,Wayne,IL,12.8,21.7
17193,White,IL,14.9,23.0
17195,Whiteside,IL,12.8,19.6
17197,Will,IL,8.0,11.3
17199,Williamson,IL,16.2,25.0
17201,Winnebago,IL,14.7,22.5
17203,Woodford,IL,7.0,9.0
18001,Adams,IN,12.8,25.3
18003,Allen,IN,14.6,20.8
18005,Bartholomew,IN,11.9,15.5
18007,Benton,IN,11.1,18.2
18009,Blackford,IN,14.5,24.0
18011,Boone,IN,6.0,7.4
18013,Brown,IN,11.4,19.9
18015,Carroll,IN,9.4,13.7
18017,Cass,IN,13.1,20.0
18019,Clark,IN,10.4,16.2
18021,Clay,IN,12.9,20.4
18023,Clinton,IN,11.9,18.5
18025,Crawford,IN,18.7,28.5
18027,Daviess,IN,14.6,21.9
18029,Dearborn,IN,8.9,12.7
18031,Decatur,IN,13.0,18.6
18033,DeKalb,IN,10.5,14.9
18035,Delaware,IN,23.0,31.2
18037,Dubois,IN,7.6,9.0
18039,Elkhart,IN,14.0,19.4
18041,Fayette,IN,16.2,23.8
18043,Floyd,IN,11.3,17.5
18045,Fountain,IN,12.1,18.9
18047,Franklin,IN,9.9,13.7
18049,Fulton,IN,11.7,19.7
18051,Gibson,IN,11.0,14.6
18053,Grant,IN,18.0,26.9
18055,Greene,IN,14.7,21.6
18057,Hamilton,IN,4.7,5.2
18059,Hancock,IN,6.0,8.1
18061,Harrison,IN,11.2,15.3
18063,Hendricks,IN,5.5,6.7
18065,Henry,IN,14.7,20.6
18067,Howard,IN,16.9,24.8
18069,Huntington,IN,10.9,16.2
18071,Jackson,IN,12.1,16.8
18073,Jasper,IN,9.3,13.2
18075,Jay,IN,15.2,24.9
18077,Jefferson,IN,13.4,20.2
18079,Jennings,IN,13.1,21.1
18081,Johnson,IN,8.0,10.7
18083,Knox,IN,19.1,24.1
18085,Kosciusko,IN,10.0,13.8
18087,LaGrange,IN,8.6,13.6
18089,Lake,IN,16.6,26.5
18091,LaPorte,IN,15.7,24.7
18093,Lawrence,IN,13.9,21.0
18095,Madison,IN,16.7,25.2
18097,Marion,IN,20.6,31.0
18099,Marshall,IN,10.6,15.0
18101,Martin,IN,13.8,19.5
18103,Miami,IN,14.8,22.6
18105,Monroe,IN,23.5,18.2
18107,Montgomery,IN,12.3,18.7
18109,Morgan,IN,11.4,16.2
18111,Newton,IN,12.2,17.6
18113,Noble,IN,9.8,14.2
18115,Ohio,IN,10.2,15.6
18117,Orange,IN,15.7,24.3
18119,Owen,IN,15.8,24.8
18121,Parke,IN,17.2,25.0
18123,Perry,IN,13.2,18.0
18125,Pike,IN,11.1,16.2
18127,Porter,IN,11.6,14.8
18129,Posey,IN,9.7,12.9
18131,Pulaski,IN,14.2,21.1
18133,Putnam,IN,13.6,17.6
18135,Randolph,IN,18.0,27.1
18137,Ripley,IN,10.6,15.4
18139,Rush,IN,13.9,20.4
18141,St. Joseph,IN,16.7,24.5
18143,Scott,IN,15.6,24.0
18145,Shelby,IN,11.9,17.2
18147,Spencer,IN,9.4,12.0
18149,Starke,IN,14.8,23.0
18151,Steuben,IN,10.1,16.0
18153,Sullivan,IN,16.4,20.9
18155,Switzerland,IN,15.9,28.3
18157,Tippecanoe,IN,18.9,17.8
18159,Tipton,IN,8.7,12.9
18161,Union,IN,12.4,20.3
18163,Vanderburgh,IN,17.2,24.8
18165,Vermillion,IN,12.9,18.5
18167,Vigo,IN,20.4,25.2
18169,Wabash,IN,12.0,18.1
18171,Warren,IN,10.2,16.3
18173,Warrick,IN,7.5,9.8
18175,Washington,IN,14.4,22.9
18177,Wayne,IN,18.0,28.4
18179,Wells,IN,9.5,13.8
18181,White,IN,10.9,17.9
18183,Whitley,IN,7.9,11.3
19001,Adair,IA,11.9,16.5
19003,Adams,IA,12.5,20.2
19005,Allamakee,IA,10.8,17.0
19007,Appanoose,IA,16.5,25.2
19009,Audubon,IA,10.3,15.3
19011,Benton,IA,8.3,10.3
19013,Black Hawk,IA,14.2,16.8
19015,Boone,IA,8.8,11.4
19017,Bremer,IA,7.8,7.1
19019,Buchanan,IA,10.3,14.4
19021,Buena Vista,IA,13.7,19.1
19023,Butler,IA,9.2,11.8
19025,Calhoun,IA,12.5,16.5
19027,Carroll,IA,8.7,10.5
19029,Cass,IA,13.9,19.7
19031,Cedar,IA,7.3,9.7
19033,Cerro Gordo,IA,12.3,14.7
19035,Cherokee,IA,10.3,14.2
19037,Chickasaw,IA,8.5,13.6
19039,Clarke,IA,11.8,18.2
19041,Clay,IA,11.6,15.7
19043,Clayton,IA,11.2,16.6
19045,Clinton,IA,13.4,18.2
19047,Crawford,IA,15.1,18.4
19049,Dallas,IA,5.3,6.0
19051,Davis,IA,12.7,21.0
19053,Decatur,IA,21.7,27.1
19055,Delaware,IA,10.2,12.9
19057,Des Moines,IA,14.7,22.6
19059,Dickinson,IA,8.6,10.7
19061,Dubuque,IA,12.0,13.9
19063,Emmet,IA,13.8,19.0
19065,Fayette,IA,12.9,18.1
19067,Floyd,IA,14.5,18.1
19069,Franklin,IA,11.9,17.3
19071,Fremont,IA,12.1,17.0
19073,Greene,IA,11.1,16.5
19075,Grundy,IA,6.3,8.6
19077,Guthrie,IA,10.4,13.6
19079,Hamilton,IA,11.0,15.6
19081,Hancock,IA,9.2,12.2
19083,Hardin,IA,9.6,16.5
19085,Harrison,IA,9.9,13.2
19087,Henry,IA,12.0,16.4
19089,Howard,IA,11.0,15.7
19091,Humboldt,IA,10.8,14.5
19093,Ida,IA,10.6,13.1
19095,Iowa,IA,6.9,8.2
19097,Jackson,IA,12.9,17.6
19099,Jasper,IA,9.3,12.9
19101,Jefferson,IA,15.3,20.0
19103,Johnson,IA,18.3,12.7
19105,Jones,IA,11.1,14.3
19107,Keokuk,IA,12.1,18.1
19109,Kossuth,IA,11.6,15.1
19111,Lee,IA,15.9,22.9
19113,Linn,IA,11.0,12.2
19115,Louisa,IA,10.8,15.8
19117,Lucas,IA,14.7,24.1
19119,Lyon,IA,7.4,9.1
19121,Madison,IA,8.2,10.3
19123,Mahaska,IA,14.4,16.7
19125,Marion,IA,9.2,10.6
19127,Marshall,IA,11.3,17.3
19129,Mills,IA,10.3,13.5
19131,Mitchell,IA,9.3,14.7
19133,Monona,IA,13.2,18.0
19135,Monroe,IA,12.1,16.0
19137,Montgomery,IA,13.4,19.6
19139,Muscatine,IA,11.5,16.2
19141,O'Brien,IA,9.2,12.3
19143,Osceola,IA,9.6,14.7
19145,Page,IA,15.7,24.0
19147,Palo Alto,IA,11.6,15.6
19149,Plymouth,IA,8.3,10.2
19151,Pocahontas,IA,13.1,20.8
19153,Polk,IA,11.9,14.7
19155,Pottawattamie,IA,13.5,18.7
19157,Poweshiek,IA,10.9,12.6
19159,Ringgold,IA,14.1,24.9
19161,Sac,IA,10.9,14.3
19163,Scott,IA,12.4,16.7
19165,Shelby,IA,9.2,11.3
19167,Sioux,IA,7.6,8.0
19169,Story,IA,18.6,9.5
19171,Tama,IA,11.2,16.5
19173,Taylor,IA,14.7,20.3
19175,Union,IA,14.3,19.6
19177,Van Buren,IA,15.8,24.7
19179,Wapello,IA,16.0,22.1
19181,Warren,IA,7.8,8.9
19183,Washington,IA,10.9,14.9
19185,Wayne,IA,16.4,26.2
19187,Webster,IA,14.6,19.6
19189,Winnebago,IA,10.8,15.0
19191,Winneshiek,IA,9.5,9.5
19193,Woodbury,IA,14.0,19.6
19195,Worth,IA,10.9,15.1
19197,Wright,IA,12.6,18.2
20001,Allen,KS,18.9,26.0
20003,Anderson,KS,14.0,19.9
20005,Atchison,KS,16.6,21.5
20007,Barber,KS,11.1,17.3
20009,Barton,KS,14.4,20.1
20011,Bourbon,KS,18.2,26.5
20013,Brown,KS,14.9,23.0
20015,Butler,KS,10.6,12.8
20017,Chase,KS,12.7,16.5
20019,Chautauqua,KS,16.8,25.6
20021,Cherokee,KS,18.0,27.8
20023,Cheyenne,KS,12.3,19.2
20025,Clark,KS,12.0,15.6
20027,Clay,KS,11.1,16.9
20029,Cloud,KS,12.8,18.1
20031,Coffey,KS,9.9,12.4
20033,Comanche,KS,11.4,15.1
20035,Cowley,KS,15.3,21.4
20037,Crawford,KS,19.1,24.5
20039,Decatur,KS,12.3,19.6
20041,Dickinson,KS,12.2,16.1
20043,Doniphan,KS,13.2,19.3
20045,Douglas,KS,19.4,13.2
20047,Edwards,KS,10.6,14.0
20049,Elk,KS,17.6,30.7
20051,Ellis,KS,12.0,12.2
20053,Ellsworth,KS,10.6,13.1
20055,Finney,KS,14.6,20.5
20057,Ford,KS,13.2,18.9
20059,Franklin,KS,11.7,17.3
20061,Geary,KS,11.9,20.1
20063,Gove,KS,9.9,14.9
20065,Graham,KS,12.2,16.9
20067,Grant,KS,10.2,15.8
20069,Gray,KS,8.3,11.0
20071,Greeley,KS,11.4,18.4
20073,Greenwood,KS,15.8,24.6
20075,Hamilton,KS,13.1,19.8
20077,Harper,KS,13.7,19.6
20079,Harvey,KS,9.4,13.5
20081,Haskell,KS,11.2,16.0
20083,Hodgeman,KS,9.6,12.2
20085,Jackson,KS,11.3,14.2
20087,Jefferson,KS,9.1,13.9
20089,Jewell,KS,13.5,21.6
20091,Johnson,KS,5.5,6.5
20093,Kearny,KS,11.5,16.6
20095,Kingman,KS,11.5,16.9
20097,Kiowa,KS,12.6,16.8
20099,Labette,KS,18.2,27.3
20101,Lane,KS,9.6,14.8
20103,Leavenworth,KS,10.7,13.1
20105,Lincoln,KS,12.5,19.5
20107,Linn,KS,14.0,21.2
20109,Logan,KS,9.4,13.1
20111,Lyon,KS,17.5,18.9
20113,McPherson,KS,7.6,10.0
20115,Marion,KS,10.9,14.4
20117,Marshall,KS,10.7,14.1
20119,Meade,KS,9.5,12.3
20121,Miami,KS,8.8,11.4
20123,Mitchell,KS,10.5,14.8
20125,Montgomery,KS,19.9,27.6
20127,Morris,KS,10.8,16.9
20129,Morton,KS,10.3,15.3
20131,Nemaha,KS,8.8,10.0
20133,Neosho,KS,18.9,28.1
20135,Ness,KS,9.4,13.6
20137,Norton,KS,12.7,15.2
20139,Osage,KS,12.7,17.1
20141,Osborne,KS,13.1,20.1
20143,Ottawa,KS,10.0,13.8
20145,Pawnee,KS,14.5,17.4
20147,Phillips,KS,11.1,17.0
20149,Pottawatomie,KS,8.1,10.6
20151,Pratt,KS,10.8,15.6
20153,Rawlins,KS,11.7,19.1
20155,Reno,KS,13.1,17.9
20157,Republic,KS,11.2,17.3
20159,Rice,KS,13.8,18.1
20161,Riley,KS,23.4,15.5
20163,Rooks,KS,11.7,15.5
20165,Rush,KS,11.5,17.1
20167,Russell,KS,13.2,20.7
20169,Saline,KS,14.3,21.7
20171,Scott,KS,7.7,12.0
20173,Sedgwick,KS,15.2,20.7
20175,Seward,KS,15.0,18.2
20177,Shawnee,KS,14.2,19.9
20179,Sheridan,KS,10.9,17.3
20181,Sherman,KS,16.5,24.4
20183,Smith,KS,12.2,16.5
20185,Stafford,KS,12.8,20.8
20187,Stanton,KS,10.9,16.6
20189,Stevens,KS,11.3,15.5
20191,Sumner,KS,11.7,17.6
20193,Thomas,KS,10.9,12.0
20195,Trego,KS,10.4,14.6
20197,Wabaunsee,KS,8.3,12.5
20199,Wallace,KS,12.4,15.9
20201,Washington,KS,10.7,13.2
20203,Wichita,KS,10.9,16.5
20205,Wilson,KS,15.6,24.0
20207,Woodson,KS,19.5,29.6
20209,Wyandotte,KS,21.9,32.1
21001,Adair,KY,27.2,41.0
21003,Allen,KY,19.8,30.2
21005,Anderson,KY,10.7,16.8
21007,Ballard,KY,15.1,24.5
21009,Barren,KY,19.3,28.7
21011,Bath,KY,24.9,37.8
21013,Bell,KY,44.7,56.8
21015,Boone,KY,8.2,10.5
21017,Bourbon,KY,14.8,24.4
21019,Boyd,KY,20.5,29.4
21021,Boyle,KY,17.2,24.9
21023,Bracken,KY,15.7,24.7
21025,Breathitt,KY,32.9,42.9
21027,Breckinridge,KY,19.0,25.6
21029,Bullitt,KY,9.6,14.5
21031,Butler,KY,21.6,31.3
21033,Caldwell,KY,18.8,29.4
21035,Calloway,KY,21.1,24.1
21037,Campbell,KY,14.4,17.8
21039,Carlisle,KY,14.8,25.2
21041,Carroll,KY,17.6,28.7
21043,Carter,KY,19.7,29.4
21045,Casey,KY,25.1,38.2
21047,Christian,KY,20.3,28.9
21049,Clark,KY,15.4,23.9
21051,Clay,KY,46.8,53.0
21053,Clinton,KY,26.4,39.6
21055,Crittenden,KY,19.2,31.3
21057,Cumberland,KY,24.8,36.2
21059,Daviess,KY,14.9,20.9
21061,Edmonson,KY,20.0,28.6
21063,Elliott,KY,34.4,40.3
21065,Estill,KY,28.2,38.8
21067,Fayette,KY,19.1,22.6
21069,Fleming,KY,20.0,31.8
21071,Floyd,KY,29.5,43.1
21073,Franklin,KY,13.7,22.5
21075,Fulton,KY,30.4,47.6
21077,Gallatin,KY,15.0,23.8
21079,Garrard,KY,17.0,24.3
21081,Grant,KY,16.4,27.0
21083,Graves,KY,16.3,27.4
21085,Grayson,KY,22.9,32.5
21087,Green,KY,20.5,29.1
21089,Greenup,KY,16.8,23.5
21091,Hancock,KY,13.8,20.0
21093,Hardin,KY,15.0,21.6
21095,Harlan,KY,35.5,47.7
21097,Harrison,KY,16.2,24.4
21099,Hart,KY,22.0,31.1
21101,Henderson,KY,17.0,24.2
21103,Henry,KY,17.7,26.5
21105,Hickman,KY,17.6,29.9
21107,Hopkins,KY,18.4,26.6
21109,Jackson,KY,31.2,41.0
21111,Jefferson,KY,15.4,22.4
21113,Jessamine,KY,18.3,23.8
21115,Johnson,KY,25.9,34.4
21117,Kenton,KY,12.8,18.2
21119,Knott,KY,33.8,46.4
21121,Knox,KY,32.0,45.2
21123,Larue,KY,18.1,27.7
21125,Laurel,KY,23.0,33.1
21127,Lawrence,KY,25.0,34.3
21129,Lee,KY,34.7,50.2
21131,Leslie,KY,33.7,39.4
21133,Letcher,KY,33.2,41.9
21135,Lewis,KY,24.7,35.6
21137,Lincoln,KY,21.2,31.4
21139,Livingston,KY,15.3,25.0
21141,Logan,KY,15.5,24.3
21143,Lyon,KY,16.9,22.4
21145,McCracken,KY,15.2,24.6
21147,McCreary,KY,41.5,51.9
21149,McLean,KY,17.3,26.0
21151,Madison,KY,18.2,20.1
21153,Magoffin,KY,32.6,45.1
21155,Marion,KY,20.5,27.6
21157,Marshall,KY,12.1,19.5
21159,Martin,KY,40.0,45.3
21161,Mason,KY,19.5,29.3
21163,Meade,KY,13.5,20.3
21165,Menifee,KY,26.8,43.5
21167,Mercer,KY,15.1,21.9
21169,Metcalfe,KY,22.9,38.4
21171,Monroe,KY,25.3,37.8
21173,Montgomery,KY,21.5,29.9
21175,Morgan,KY,31.3,40.9
21177,Muhlenberg,KY,19.4,26.2
21179,Nelson,KY,12.5,18.8
21181,Nicholas,KY,21.5,34.3
21183,Ohio,KY,19.9,27.5
21185,Oldham,KY,6.2,6.7
21187,Owen,KY,16.9,25.4
21189,Owsley,KY,42.4,61.6
21191,Pendleton,KY,16.4,23.5
21193,Perry,KY,28.5,37.2
21195,Pike,KY,25.0,32.0
21197,Powell,KY,26.0,39.3
21199,Pulaski,KY,23.0,31.7
21201,Robertson,KY,22.5,36.7
21203,Rockcastle,KY,22.9,32.4
21205,Rowan,KY,27.2,32.4
21207,Russell,KY,24.6,35.8
21209,Scott,KY,13.1,18.1
21211,Shelby,KY,11.5,17.1
21213,Simpson,KY,16.0,26.2
21215,Spencer,KY,9.0,11.9
21217,Taylor,KY,23.0,33.8
21219,Todd,KY,19.3,28.1
21221,Trigg,KY,15.1,26.5
21223,Trimble,KY,15.7,22.3
21225,Union,KY,20.7,20.7
21227,Warren,KY,18.0,22.9
21229,Washington,KY,17.1,23.6
21231,Wayne,KY,28.0,40.3
21233,Webster,KY,18.1,24.9
21235,Whitley,KY,29.2,38.9
21237,Wolfe,KY,30.7,50.4
21239,Woodford,KY,11.6,17.0
22001,Acadia,LA,23.7,32.5
22003,Allen,LA,20.4,24.3
22005,Ascension,LA,10.7,14.8
22007,Assumption,LA,16.8,25.2
22009,Avoyelles,LA,25.3,34.7
22011,Beauregard,LA,19.5,24.8
22013,Bienville,LA,25.4,37.4
22015,Bossier,LA,14.5,20.4
22017,Caddo,LA,22.2,34.8
22019,Calcasieu,LA,17.5,26.0
22021,Caldwell,LA,22.9,32.8
22023,Cameron,LA,12.7,17.6
22025,Catahoula,LA,27.2,37.0
22027,Claiborne,LA,30.9,37.1
22029,Concordia,LA,29.5,41.6
22031,De Soto,LA,24.9,38.7
22033,East Baton Rouge,LA,18.5,26.5
22035,East Carroll,LA,43.5,56.1
22037,East Feliciana,LA,21.8,27.6
22039,Evangeline,LA,25.7,32.1
22041,Franklin,LA,25.4,40.7
22043,Grant,LA,21.3,28.1
22045,Iberia,LA,20.8,32.7
22047,Iberville,LA,22.3,30.7
22049,Jackson,LA,21.1,30.8
22051,Jefferson,LA,16.3,27.1
22053,Jefferson Davis,LA,20.3,27.2
22055,Lafayette,LA,17.0,20.7
22057,Lafourche,LA,14.1,20.0
22059,La Salle,LA,18.5,21.8
22061,Lincoln,LA,25.5,29.8
22063,Livingston,LA,13.5,17.6
22065,Madison,LA,37.6,52.7
22067,Morehouse,LA,31.1,50.0
22069,Natchitoches,LA,29.6,36.2
22071,Orleans,LA,24.0,38.2
22073,Ouachita,LA,23.0,33.1
22075,Plaquemines,LA,17.3,19.7
22077,Pointe Coupee,LA,19.3,29.2
22079,Rapides,LA,21.6,31.7
22081,Red River,LA,25.7,37.9
22083,Richland,LA,24.7,37.3
22085,Sabine,LA,18.1,25.9
22087,St. Bernard,LA,20.4,30.3
22089,St. Charles,LA,11.8,17.4
22091,St. Helena,LA,19.9,34.0
22093,St. James,LA,18.3,26.6
22095,St. John the Baptist,LA,20.5,29.9
22097,St. Landry,LA,27.0,37.2
22099,St. Martin,LA,18.3,27.9
22101,St. Mary,LA,19.7,28.3
22103,St. Tammany,LA,12.5,17.3
22105,Tangipahoa,LA,24.0,35.0
22107,Tensas,LA,35.1,52.6
22109,Terrebonne,LA,20.1,24.9
22111,Union,LA,21.9,34.3
22113,Vermilion,LA,18.1,23.6
22115,Vernon,LA,17.5,23.3
22117,Washington,LA,26.2,36.9
22119,Webster,LA,25.9,40.0
22121,West Baton Rouge,LA,15.1,22.1
22123,West Carroll,LA,22.7,32.1
22125,West Feliciana,LA,23.9,21.7
22127,Winn,LA,24.0,30.4
23001,Androscoggin,ME,15.0,21.8
23003,Aroostook,ME,18.4,21.8
23005,Cumberland,ME,10.7,12.2
23007,Franklin,ME,14.6,21.4
23009,Hancock,ME,11.5,16.2
23011,Kennebec,ME,13.1,18.0
23013,Knox,ME,11.4,17.9
23015,Lincoln,ME,14.1,20.2
23017,Oxford,ME,17.0,25.6
23019,Penobscot,ME,17.1,19.1
23021,Piscataquis,ME,19.1,30.5
23023,Sagadahoc,ME,11.2,17.2
23025,Somerset,ME,18.7,25.9
23027,Waldo,ME,14.4,21.3
23029,Washington,ME,18.8,28.8
23031,York,ME,8.3,11.4
24001,Allegany,MD,20.0,27.1
24003,Anne Arundel,MD,6.0,8.1
24005,Baltimore,MD,9.1,11.9
24009,Calvert,MD,5.9,8.1
24011,Caroline,MD,14.4,22.9
24013,Carroll,MD,6.2,7.2
24015,Cecil,MD,10.0,14.8
24017,Charles,MD,7.1,10.4
24019,Dorchester,MD,18.1,29.8
24021,Frederick,MD,7.4,9.0
24023,Garrett,MD,13.6,19.3
24025,Harford,MD,7.8,10.3
24027,Howard,MD,5.2,6.5
24029,Kent,MD,14.8,21.6
24031,Montgomery,MD,7.5,10.5
24033,Prince George's,MD,9.5,14.2
24035,Queen Anne's,MD,7.2,10.5
24037,St. Mary's,MD,8.7,12.7
24039,Somerset,MD,25.8,35.9
24041,Talbot,MD,10.4,15.9
24043,Washington,MD,12.0,17.8
24045,Wicomico,MD,14.7,21.7
24047,Worcester,MD,11.3,20.7
24510,Baltimore,MD,22.7,33.9
25001,Barnstable,MA,7.6,11.5
25003,Berkshire,MA,14.3,19.6
25005,Bristol,MA,12.6,17.3
25007,Dukes,MA,8.5,13.4
25009,Essex,MA,11.5,16.6
25011,Franklin,MA,11.8,16.9
25013,Hampden,MA,17.1,27.4
25015,Hampshire,MA,15.3,11.6
25017,Middlesex,MA,7.6,8.2
25019,Nantucket,MA,7.3,8.5
25021,Norfolk,MA,7.1,6.4
25023,Plymouth,MA,9.7,12.4
25025,Suffolk,MA,19.8,29.3
25027,Worcester,MA,12.1,15.2
26001,Alcona,MI,15.8,30.8
26003,Alger,MI,14.6,21.0
26005,Allegan,MI,11.2,15.1
26007,Alpena,MI,16.2,24.6
26009,Antrim,MI,14.2,24.1
26011,Arenac,MI,20.1,30.5
26013,Baraga,MI,17.3,24.3
26015,Barry,MI,9.3,14.0
26017,Bay,MI,14.5,20.8
26019,Benzie,MI,10.5,19.1
26021,Berrien,MI,17.1,26.2
26023,Branch,MI,14.9,23.7
26025,Calhoun,MI,16.1,24.0
26027,Cass,MI,14.8,22.5
26029,Charlevoix,MI,11.6,18.3
26031,Cheboygan,MI,17.6,28.4
26033,Chippewa,MI,19.7,27.4
26035,Clare,MI,24.7,38.8
26037,Clinton,MI,10.0,10.8
26039,Crawford,MI,17.2,31.2
26041,Delta,MI,14.8,20.8
26043,Dickinson,MI,12.3,17.8
26045,Eaton,MI,10.9,15.7
26047,Emmet,MI,11.0,15.7
26049,Genesee,MI,20.5,30.2
26051,Gladwin,MI,19.8,32.2
26053,Gogebic,MI,18.6,27.5
26055,Grand Traverse,MI,8.5,12.3
26057,Gratiot,MI,16.5,20.6
26059,Hillsdale,MI,16.6,24.6
26061,Houghton,MI,17.4,18.4
26063,Huron,MI,11.7,18.9
26065,Ingham,MI,21.0,24.1
26067,Ionia,MI,14.2,17.7
26069,Iosco,MI,16.1,32.3
26071,Iron,MI,14.6,25.5
26073,Isabella,MI,26.1,20.0
26075,Jackson,MI,16.2,25.2
26077,Kalamazoo,MI,16.0,19.0
26079,Kalkaska,MI,16.5,27.5
26081,Kent,MI,14.5,19.1
26083,Keweenaw,MI,13.4,21.4
26085,Lake,MI,24.8,45.2
26087,Lapeer,MI,10.0,14.7
26089,Leelanau,MI,7.9,13.4
26091,Lenawee,MI,14.3,20.9
26093,Livingston,MI,6.5,7.8
26095,Luce,MI,19.6,29.7
26097,Mackinac,MI,16.1,26.1
26099,Macomb,MI,11.7,16.8
26101,Manistee,MI,15.0,25.8
26103,Marquette,MI,15.0,17.9
26105,Mason,MI,16.8,26.9
26107,Mecosta,MI,21.3,29.6
26109,Menominee,MI,16.9,26.8
26111,Midland,MI,11.5,15.0
26113,Missaukee,MI,17.5,26.2
26115,Monroe,MI,10.6,14.6
26117,Montcalm,MI,17.9,26.9
26119,Montmorency,MI,18.2,33.9
26121,Muskegon,MI,16.1,23.4
26123,Newaygo,MI,16.3,23.1
26125,Oakland,MI,9.3,11.7
26127,Oceana,MI,17.2,28.9
26129,Ogemaw,MI,19.4,34.2
26131,Ontonagon,MI,14.6,30.3
26133,Osceola,MI,18.7,29.9
26135,Oscoda,MI,20.5,32.8
26137,Otsego,MI,12.1,19.2
26139,Ottawa,MI,8.6,9.2
26141,Presque Isle,MI,13.6,25.0
26143,Roscommon,MI,19.2,40.3
26145,Saginaw,MI,18.6,27.7
26147,St. Clair,MI,12.8,18.9
26149,St. Joseph,MI,14.7,22.3
26151,Sanilac,MI,16.7,24.8
26153,Schoolcraft,MI,15.9,24.8
26155,Shiawassee,MI,12.4,19.6
26157,Tuscola,MI,15.5,25.1
26159,Van Buren,MI,15.7,22.8
26161,Washtenaw,MI,14.2,13.4
26163,Wayne,MI,24.8,37.0
26165,Wexford,MI,14.8,25.2
27001,Aitkin,MN,14.2,22.4
27003,Anoka,MN,7.1,9.2
27005,Becker,MN,11.3,16.5
27007,Beltrami,MN,16.2,23.5
27009,Benton,MN,11.4,13.5
27011,Big Stone,MN,11.5,15.9
27013,Blue Earth,MN,17.2,14.0
27015,Brown,MN,8.3,10.6
27017,Carlton,MN,10.8,12.2
27019,Carver,MN,4.5,4.7
27021,Cass,MN,15.0,26.0
27023,Chippewa,MN,11.1,15.3
27025,Chisago,MN,6.3,7.9
27027,Clay,MN,12.1,12.5
27029,Clearwater,MN,14.6,23.3
27031,Cook,MN,11.1,17.8
27033,Cottonwood,MN,13.7,19.1
27035,Crow Wing,MN,10.4,14.9
27037,Dakota,MN,7.1,9.1
27039,Dodge,MN,6.9,8.6
27041,Douglas,MN,8.8,11.4
27043,Faribault,MN,11.3,18.1
27045,Fillmore,MN,10.8,17.1
27047,Freeborn,MN,13.4,19.7
27049,Goodhue,MN,8.9,10.8
27051,Grant,MN,10.6,15.1
27053,Hennepin,MN,10.9,13.9
27055,Houston,MN,8.2,10.2
27057,Hubbard,MN,10.6,18.3
27059,Isanti,MN,7.7,10.1
27061,Itasca,MN,12.7,17.7
27063,Jackson,MN,9.2,13.0
27065,Kanabec,MN,11.7,18.2
27067,Kandiyohi,MN,10.9,16.8
27069,Kittson,MN,10.2,14.1
27071,Koochiching,MN,14.3,22.0
27073,Lac qui Parle,MN,8.4,13.5
27075,Lake,MN,9.8,14.6
27077,Lake of the Woods,MN,11.7,16.2
27079,Le Sueur,MN,8.5,10.9
27081,Lincoln,MN,9.3,13.1
27083,Lyon,MN,12.2,16.7
27085,McLeod,MN,8.6,11.0
27087,Mahnomen,MN,21.5,34.3
27089,Marshall,MN,8.3,11.6
27091,Martin,MN,13.6,19.5
27093,Meeker,MN,7.9,10.5
27095,Mille Lacs,MN,12.4,18.5
27097,Morrison,MN,10.9,15.0
27099,Mower,MN,10.8,16.1
27101,Murray,MN,9.0,12.7
27103,Nicollet,MN,10.7,11.6
27105,Nobles,MN,12.9,17.2
27107,Norman,MN,11.7,17.6
27109,Olmsted,MN,8.9,11.1
27111,Otter Tail,MN,9.7,14.1
27113,Pennington,MN,10.4,12.0
27115,Pine,MN,13.9,18.6
27117,Pipestone,MN,11.0,15.7
27119,Polk,MN,11.8,16.2
27121,Pope,MN,8.4,13.0
27123,Ramsey,MN,15.1,22.5
27125,Red Lake,MN,9.7,12.0
27127,Redwood,MN,11.0,15.4
27129,Renville,MN,9.5,15.2
27131,Rice,MN,9.2,11.2
27133,Rock,MN,9.7,12.6
27135,Roseau,MN,9.4,12.0
27137,St. Louis,MN,13.4,15.2
27139,Scott,MN,5.1,6.0
27141,Sherburne,MN,7.5,8.1
27143,Sibley,MN,8.9,12.3
27145,Stearns,MN,13.5,14.3
27147,Steele,MN,9.4,13.2
27149,Stevens,MN,10.9,8.6
27151,Swift,MN,11.9,15.2
27153,Todd,MN,12.8,19.3
27155,Traverse,MN,14.4,22.7
27157,Wabasha,MN,6.9,9.7
27159,Wadena,MN,15.0,19.6
27161,Waseca,MN,9.9,13.6
27163,Washington,MN,5.1,6.0
27165,Watonwan,MN,11.3,16.7
27167,Wilkin,MN,9.8,13.2
27169,Winona,MN,12.7,12.7
27171,Wright,MN,5.1,6.1
27173,Yellow Medicine,MN,12.5,15.0
28001,Adams,MS,29.6,43.8
28003,Alcorn,MS,19.6,29.5
28005,Amite,MS,22.2,33.7
28007,Attala,MS,22.9,34.1
28009,Benton,MS,25.3,38.3
28011,Bolivar,MS,36.1,47.8
28013,Calhoun,MS,23.0,33.7
28015,Carroll,MS,19.0,27.1
28017,Chickasaw,MS,26.6,38.8
28019,Choctaw,MS,24.5,36.7
28021,Claiborne,MS,46.3,54.0
28023,Clarke,MS,21.8,33.4
28025,Clay,MS,27.6,42.1
28027,Coahoma,MS,35.0,49.3
28029,Copiah,MS,26.1,39.1
28031,Covington,MS,22.4,35.0
28033,DeSoto,MS,10.0,13.0
28035,Forrest,MS,26.6,32.2
28037,Franklin,MS,20.6,30.8
28039,George,MS,17.1,24.6
28041,Greene,MS,22.6,26.4
28043,Grenada,MS,21.3,32.4
28045,Hancock,MS,20.8,30.1
28047,Harrison,MS,22.0,33.6
28049,Hinds,MS,27.1,38.7
28051,Holmes,MS,43.3,53.6
28053,Humphreys,MS,41.5,60.2
28055,Issaquena,MS,40.4,46.0
28057,Itawamba,MS,18.1,25.4
28059,Jackson,MS,16.1,23.0
28061,Jasper,MS,22.8,31.8
28063,Jefferson,MS,39.3,44.6
28065,Jefferson Davis,MS,30.5,44.2
28067,Jones,MS,23.2,32.3
28069,Kemper,MS,31.9,43.1
28071,Lafayette,MS,21.0,20.2
28073,Lamar,MS,16.4,21.3
28075,Lauderdale,MS,22.0,33.2
28077,Lawrence,MS,20.9,31.8
28079,Leake,MS,24.3,38.9
28081,Lee,MS,17.4,25.2
28083,Leflore,MS,42.3,55.3
28085,Lincoln,MS,20.0,27.8
28087,Lowndes,MS,23.5,36.3
28089,Madison,MS,12.7,18.5
28091,Marion,MS,24.2,36.5
28093,Marshall,MS,23.3,37.3
28095,Monroe,MS,20.7,30.6
28097,Montgomery,MS,25.8,38.3
28099,Neshoba,MS,25.5,34.7
28101,Newton,MS,22.7,31.4
28103,Noxubee,MS,34.3,46.9
28105,Oktibbeha,MS,27.1,30.8
28107,Panola,MS,24.8,38.5
28109,Pearl River,MS,21.0,30.6
28111,Perry,MS,21.0,32.8
28113,Pike,MS,30.1,43.1
28115,Pontotoc,MS,15.6,25.6
28117,Prentiss,MS,19.5,28.2
28119,Quitman,MS,38.2,56.8
28121,Rankin,MS,9.7,14.2
28123,Scott,MS,21.7,31.5
28125,Sharkey,MS,34.3,53.7
28127,Simpson,MS,24.5,35.3
28129,Smith,MS,19.5,27.1
28131,Stone,MS,20.5,30.0
28133,Sunflower,MS,39.3,50.6
28135,Tallahatchie,MS,32.9,45.2
28137,Tate,MS,19.2,29.1
28139,Tippah,MS,18.2,27.2
28141,Tishomingo,MS,17.1,24.9
28143,Tunica,MS,28.9,46.2
28145,Union,MS,17.0,25.1
28147,Walthall,MS,27.6,42.1
28149,Warren,MS,21.6,32.8
28151,Washington,MS,36.2,51.4
28153,Wayne,MS,24.5,35.8
28155,Webster,MS,20.5,30.2
28157,Wilkinson,MS,34.5,42.4
28159,Winston,MS,26.6,38.9
28161,Yalobusha,MS,22.4,33.4
28163,Yazoo,MS,34.2,43.4
29001,Adair,MO,21.9,23.3
29003,Andrew,MO,9.5,12.9
29005,Atchison,MO,13.0,17.3
29007,Audrain,MO,18.7,26.9
29009,Barry,MO,20.7,29.7
29011,Barton,MO,18.0,26.9
29013,Bates,MO,14.1,22.5
29015,Benton,MO,18.7,31.8
29017,Bollinger,MO,18.3,27.0
29019,Boone,MO,17.7,14.6
29021,Buchanan,MO,17.3,23.7
29023,Butler,MO,23.4,36.7
29025,Caldwell,MO,12.7,19.7
29027,Callaway,MO,13.9,21.2
29029,Camden,MO,14.9,26.1
29031,Cape Girardeau,MO,16.4,19.4
29033,Carroll,MO,15.7,22.7
29035,Carter,MO,21.4,36.3
29037,Cass,MO,9.2,12.3
29039,Cedar,MO,19.9,33.7
29041,Chariton,MO,13.3,18.8
29043,Christian,MO,10.4,14.3
29045,Clark,MO,14.7,22.5
29047,Clay,MO,7.8,9.7
29049,Clinton,MO,10.4,15.1
29051,Cole,MO,11.9,16.2
29053,Cooper,MO,14.4,19.9
29055,Crawford,MO,19.4,28.6
29057,Dade,MO,17.5,27.6
29059,Dallas,MO,18.1,29.4
29061,Daviess,MO,15.3,27.6
29063,DeKalb,MO,20.0,18.5
29065,Dent,MO,21.5,31.0
29067,Douglas,MO,23.1,35.5
29069,Dunklin,MO,27.6,39.0
29071,Franklin,MO,11.4,16.3
29073,Gasconade,MO,12.1,19.2
29075,Gentry,MO,14.9,21.4
29077,Greene,MO,17.7,21.4
29079,Grundy,MO,19.1,27.8
29081,Harrison,MO,18.0,26.9
29083,Henry,MO,18.8,26.7
29085,Hickory,MO,23.8,39.3
29087,Holt,MO,13.7,20.3
29089,Howard,MO,15.9,20.9
29091,Howell,MO,19.9,30.0
29093,Iron,MO,22.9,34.4
29095,Jackson,MO,17.6,25.0
29097,Jasper,MO,16.0,22.6
29099,Jefferson,MO,10.5,13.6
29101,Johnson,MO,16.3,17.2
29103,Knox,MO,18.7,30.4
29105,Laclede,MO,17.4,25.9
29107,Lafayette,MO,12.2,18.0
29109,Lawrence,MO,18.3,27.3
29111,Lewis,MO,16.3,24.7
29113,Lincoln,MO,11.3,15.4
29115,Linn,MO,17.4,26.6
29117,Livingston,MO,18.8,26.2
29119,McDonald,MO,20.1,31.0
29121,Macon,MO,14.6,23.2
29123,Madison,MO,19.3,29.6
29125,Maries,MO,15.4,24.4
29127,Marion,MO,17.7,23.4
29129,Mercer,MO,14.2,21.9
29131,Miller,MO,18.7,27.3
29133,Mississippi,MO,26.6,38.0
29135,Moniteau,MO,14.7,20.4
29137,Monroe,MO,14.0,22.8
29139,Montgomery,MO,17.0,26.2
29141,Morgan,MO,23.1,33.1
29143,New Madrid,MO,23.9,36.9
29145,Newton,MO,14.5,20.7
29147,Nodaway,MO,22.9,16.8
29149,Oregon,MO,24.7,39.8
29151,Osage,MO,9.6,11.4
29153,Ozark,MO,27.7,41.3
29155,Pemiscot,MO,28.0,41.3
29157,Perry,MO,11.1,15.7
29159,Pettis,MO,15.1,22.5
29161,Phelps,MO,19.1,25.1
29163,Pike,MO,18.2,25.6
29165,Platte,MO,7.6,9.5
29167,Polk,MO,17.5,26.0
29169,Pulaski,MO,16.2,17.5
29171,Putnam,MO,18.0,27.8
29173,Ralls,MO,11.5,16.1
29175,Randolph,MO,20.0,26.5
29177,Ray,MO,11.1,16.1
29179,Reynolds,MO,21.5,34.3
29181,Ripley,MO,25.4,39.3
29183,St. Charles,MO,6.3,7.8
29185,St. Clair,MO,22.6,36.2
29186,Ste. Genevieve,MO,10.9,16.6
29187,St. Francois,MO,18.2,25.4
29189,St. Louis,MO,10.3,14.0
29195,Saline,MO,16.5,22.4
29197,Schuyler,MO,18.3,31.6
29199,Scotland,MO,15.8,25.0
29201,Scott,MO,18.1,25.8
29203,Shannon,MO,23.9,42.6
29205,Shelby,MO,16.8,24.4
29207,Stoddard,MO,19.0,26.4
29209,Stone,MO,14.8,25.8
29211,Sullivan,MO,17.4,23.2
29213,Taney,MO,16.0,25.0
29215,Texas,MO,23.3,33.4
29217,Vernon,MO,18.5,28.1
29219,Warren,MO,12.3,18.8
29221,Washington,MO,20.7,32.6
29223,Wayne,MO,24.3,37.7
29225,Webster,MO,19.2,30.1
29227,Worth,MO,15.9,25.3
29229,Wright,MO,24.1,37.5
29510,St. Louis,MO,25.5,39.3
30001,Beaverhead,MT,17.0,20.7
30003,Big Horn,MT,31.0,39.5
30005,Blaine,MT,29.6,40.4
30007,Broadwater,MT,10.8,15.8
30009,Carbon,MT,11.7,15.0
30011,Carter,MT,13.9,23.1
30013,Cascade,MT,14.4,19.2
30015,Chouteau,MT,17.6,22.9
30017,Custer,MT,12.2,16.2
30019,Daniels,MT,10.2,9.6
30021,Dawson,MT,11.0,12.4
30023,Deer Lodge,MT,18.1,23.2
30025,Fallon,MT,7.7,9.9
30027,Fergus,MT,13.6,18.0
30029,Flathead,MT,14.0,18.8
30031,Gallatin,MT,10.9,9.9
30033,Garfield,MT,14.2,18.5
30035,Glacier,MT,28.1,37.5
30037,Golden Valley,MT,20.2,31.3
30039,Granite,MT,14.1,24.0
30041,Hill,MT,21.2,24.8
30043,Jefferson,MT,9.8,13.1
30045,Judith Basin,MT,13.8,14.2
30047,Lake,MT,20.8,29.2
30049,Lewis and Clark,MT,12.2,15.1
30051,Liberty,MT,17.0,20.8
30053,Lincoln,MT,20.3,32.2
30055,McCone,MT,13.9,16.6
30057,Madison,MT,11.4,17.1
30059,Meagher,MT,17.3,31.8
30061,Mineral,MT,16.4,26.6
30063,Missoula,MT,15.8,16.8
30065,Musselshell,MT,17.7,27.7
30067,Park,MT,12.7,16.9
30069,Petroleum,MT,15.4,23.3
30071,Phillips,MT,16.4,21.4
30073,Pondera,MT,20.1,29.3
30075,Powder River,MT,10.7,14.3
30077,Powell,MT,18.1,20.1
30079,Prairie,MT,12.5,18.8
30081,Ravalli,MT,14.9,22.9
30083,Richland,MT,7.0,10.2
30085,Roosevelt,MT,24.3,32.7
30087,Rosebud,MT,18.8,25.0
30089,Sanders,MT,18.7,28.3
30091,Sheridan,MT,9.4,10.3
30093,Silver Bow,MT,16.7,21.9
30095,Stillwater,MT,9.1,10.3
30097,Sweet Grass,MT,10.7,14.2
30099,Teton,MT,12.4,19.9
30101,Toole,MT,17.0,19.6
30103,Treasure,MT,11.8,19.7
30105,Valley,MT,12.1,17.1
30107,Wheatland,MT,20.1,33.3
30109,Wibaux,MT,10.1,14.0
30111,Yellowstone,MT,10.4,14.1
31001,Adams,NE,12.7,16.3
31003,Antelope,NE,12.2,16.7
31005,Arthur,NE,13.2,18.0
31007,Banner,NE,11.9,21.1
31009,Blaine,NE,16.6,27.3
31011,Boone,NE,9.2,12.7
31013,Box Butte,NE,11.6,15.7
31015,Boyd,NE,12.2,19.8
31017,Brown,NE,12.6,19.5
31019,Buffalo,NE,13.0,12.0
31021,Burt,NE,11.6,16.6
31023,Butler,NE,8.1,10.4
31025,Cass,NE,7.1,9.8
31027,Cedar,NE,9.4,12.4
31029,Chase,NE,8.2,11.0
31031,Cherry,NE,11.7,18.0
31033,Cheyenne,NE,9.0,11.1
31035,Clay,NE,10.2,14.7
31037,Colfax,NE,10.9,14.7
31039,Cuming,NE,9.9,13.0
31041,Custer,NE,11.6,16.1
31043,Dakota,NE,14.6,20.7
31045,Dawes,NE,17.8,20.5
31047,Dawson,NE,12.6,16.7
31049,Deuel,NE,11.1,18.7
31051,Dixon,NE,9.3,12.2
31053,Dodge,NE,11.6,15.1
31055,Douglas,NE,14.5,20.0
31057,Dundy,NE,13.2,19.2
31059,Fillmore,NE,9.8,12.8
31061,Franklin,NE,13.3,19.7
31063,Frontier,NE,12.6,19.0
31065,Furnas,NE,13.4,18.4
31067,Gage,NE,10.2,15.0
31069,Garden,NE,14.8,27.3
31071,Garfield,NE,11.9,15.5
31073,Gosper,NE,9.1,16.5
31075,Grant,NE,9.2,6.7
31077,Greeley,NE,12.2,20.1
31079,Hall,NE,13.5,19.5
31081,Hamilton,NE,7.3,8.9
31083,Harlan,NE,12.0,17.4
31085,Hayes,NE,14.7,23.8
31087,Hitchcock,NE,14.1,20.4
31089,Holt,NE,11.9,15.9
31091,Hooker,NE,8.1,11.5
31093,Howard,NE,10.4,13.6
31095,Jefferson,NE,12.3,17.1
31097,Johnson,NE,13.2,14.1
31099,Kearney,NE,8.6,11.9
31101,Keith,NE,10.9,19.0
31103,Keya Paha,NE,15.1,20.8
31105,Kimball,NE,12.7,19.1
31107,Knox,NE,13.7,20.1
31109,Lancaster,NE,13.5,14.1
31111,Lincoln,NE,12.3,16.3
31113,Logan,NE,8.9,13.3
31115,Loup,NE,15.3,24.3
31117,McPherson,NE,12.1,20.0
31119,Madison,NE,13.8,17.6
31121,Merrick,NE,10.4,15.1
31123,Morrill,NE,13.5,20.1
31125,Nance,NE,13.2,16.5
31127,Nemaha,NE,13.1,15.1
31129,Nuckolls,NE,12.5,19.4
31131,Otoe,NE,10.6,14.3
31133,Pawnee,NE,13.2,22.1
31135,Perkins,NE,10.1,13.4
31137,Phelps,NE,10.4,13.8
31139,Pierce,NE,9.4,11.6
31141,Platte,NE,8.3,11.3
31143,Polk,NE,7.9,10.8
31145,Red Willow,NE,11.8,15.9
31147,Richardson,NE,13.0,19.8
31149,Rock,NE,14.2,18.3
31151,Saline,NE,10.0,13.3
31153,Sarpy,NE,5.8,7.5
31155,Saunders,NE,8.8,11.3
31157,Scotts Bluff,NE,15.1,22.8
31159,Seward,NE,7.5,7.6
31161,Sheridan,NE,14.3,23.4
31163,Sherman,NE,12.5,18.9
31165,Sioux,NE,14.0,20.5
31167,Stanton,NE,8.5,12.0
31169,Thayer,NE,10.2,14.9
31171,Thomas,NE,12.6,17.8
31173,Thurston,NE,25.6,35.6
31175,Valley,NE,12.2,16.2
31177,Washington,NE,6.7,8.4
31179,Wayne,NE,12.0,11.6
31181,Webster,NE,12.9,14.8
31183,Wheeler,NE,11.4,18.4
31185,York,NE,10.1,14.2
32001,Churchill,NV,13.1,19.3
32003,Clark,NV,15.4,22.6
32005,Douglas,NV,9.4,15.2
32007,Elko,NV,9.9,12.6
32009,Esmeralda,NV,14.7,20.7
32011,Eureka,NV,9.5,12.0
32013,Humboldt,NV,9.4,15.0
32015,Lander,NV,10.8,14.4
32017,Lincoln,NV,14.3,17.8
32019,Lyon,NV,13.8,22.6
32021,Mineral,NV,18.0,33.6
32023,Nye,NV,17.5,28.6
32027,Pershing,NV,18.3,19.9
32029,Storey,NV,7.8,13.1
32031,Washoe,NV,13.8,18.3
32033,White Pine,NV,14.1,19.3
32510,Carson City,NV,16.4,23.1
33001,Belknap,NH,8.8,13.5
33003,Carroll,NH,9.6,17.7
33005,Cheshire,NH,9.9,14.0
33007,Coos,NH,16.1,23.4
33009,Grafton,NH,11.2,14.9
33011,Hillsborough,NH,8.0,10.2
33013,Merrimack,NH,8.3,10.7
33015,Rockingham,NH,5.2,6.5
33017,Strafford,NH,11.4,13.6
33019,Sullivan,NH,11.2,17.5
34001,Atlantic,NJ,14.1,21.9
34003,Bergen,NJ,7.1,8.6
34005,Burlington,NJ,7.7,10.0
34007,Camden,NJ,13.1,19.6
34009,Cape May,NJ,10.5,18.1
34011,Cumberland,NJ,17.2,25.5
34013,Essex,NJ,16.8,24.1
34015,Gloucester,NJ,7.7,9.8
34017,Hudson,NJ,17.7,27.0
34019,Hunterdon,NJ,5.0,4.6
34021,Mercer,NJ,11.2,15.2
34023,Middlesex,NJ,8.5,10.8
34025,Monmouth,NJ,7.5,10.0
34027,Morris,NJ,5.3,5.8
34029,Ocean,NJ,10.9,18.9
34031,Passaic,NJ,17.3,26.3
34033,Salem,NJ,11.9,18.5
34035,Somerset,NJ,5.5,7.0
34037,Sussex,NJ,5.6,7.0
34039,Union,NJ,10.6,15.7
34041,Warren,NJ,7.7,10.7
35001,Bernalillo,NM,19.0,25.0
35003,Catron,NM,23.4,44.9
35005,Chaves,NM,21.1,28.8
35006,Cibola,NM,29.2,37.9
35007,Colfax,NM,19.7,29.8
35009,Curry,NM,21.7,29.3
35011,De Baca,NM,20.2,32.6
35013,Do√±a Ana,NM,25.7,38.8
35015,Eddy,NM,12.3,17.1
35017,Grant,NM,20.5,30.1
35019,Guadalupe,NM,23.9,31.6
35021,Harding,NM,14.3,20.9
35023,Hidalgo,NM,25.2,35.4
35025,Lea,NM,14.3,18.3
35027,Lincoln,NM,17.8,32.3
35028,Los Alamos,NM,4.0,4.1
35029,Luna,NM,30.9,41.2
35031,McKinley,NM,34.1,39.2
35033,Mora,NM,23.9,35.5
35035,Otero,NM,23.0,33.6
35037,Quay,NM,23.0,35.7
35039,Rio Arriba,NM,24.2,30.6
35041,Roosevelt,NM,20.4,26.6
35043,Sandoval,NM,11.2,15.7
35045,San Juan,NM,18.8,23.5
35047,San Miguel,NM,28.7,35.9
35049,Santa Fe,NM,13.1,18.6
35051,Sierra,NM,28.7,43.6
35053,Socorro,NM,23.5,40.7
35055,Taos,NM,19.9,32.0
35057,Torrance,NM,26.2,36.7
35059,Union,NM,17.1,26.3
35061,Valencia,NM,19.8,27.0
36001,Albany,NY,12.6,16.4
36003,Allegany,NY,16.8,25.6
36005,Bronx,NY,30.3,42.6
36007,Broome,NY,17.7,23.2
36009,Cattaraugus,NY,18.0,26.1
36011,Cayuga,NY,12.7,20.3
36013,Chautauqua,NY,17.2,28.2
36015,Chemung,NY,14.9,23.2
36017,Chenango,NY,14.3,23.3
36019,Clinton,NY,17.5,22.3
36021,Columbia,NY,13.6,19.4
36023,Cortland,NY,16.2,20.0
36025,Delaware,NY,16.9,27.1
36027,Dutchess,NY,10.4,12.9
36029,Erie,NY,15.6,24.3
36031,Essex,NY,12.2,19.3
36033,Franklin,NY,18.3,26.2
36035,Fulton,NY,17.9,26.9
36037,Genesee,NY,13.4,19.4
36039,Greene,NY,16.4,24.3
36041,Hamilton,NY,11.1,19.4
36043,Herkimer,NY,12.7,20.3
36045,Jefferson,NY,14.1,21.1
36047,Kings,NY,22.3,31.5
36049,Lewis,NY,14.0,22.4
36051,Livingston,NY,13.2,16.4
36053,Madison,NY,12.9,18.1
36055,Monroe,NY,14.8,22.0
36057,Montgomery,NY,18.4,27.9
36059,Nassau,NY,6.1,8.4
36061,New York,NY,17.6,24.9
36063,Niagara,NY,15.5,23.3
36065,Oneida,NY,18.0,29.8
36067,Onondaga,NY,14.6,20.8
36069,Ontario,NY,9.6,13.7
36071,Orange,NY,12.1,20.1
36073,Orleans,NY,14.2,22.6
36075,Oswego,NY,17.4,25.2
36077,Otsego,NY,16.8,19.9
36079,Putnam,NY,6.0,6.5
36081,Queens,NY,13.9,19.6
36083,Rensselaer,NY,12.0,18.2
36085,Richmond,NY,14.2,18.3
36087,Rockland,NY,14.0,23.0
36089,St. Lawrence,NY,18.5,23.4
36091,Saratoga,NY,6.4,8.5
36093,Schenectady,NY,12.0,18.3
36095,Schoharie,NY,13.7,21.2
36097,Schuyler,NY,12.5,19.9
36099,Seneca,NY,14.1,21.2
36101,Steuben,NY,15.4,22.7
36103,Suffolk,NY,7.8,10.7
36105,Sullivan,NY,18.1,29.2
36107,Tioga,NY,11.7,17.8
36109,Tompkins,NY,20.1,16.8
36111,Ulster,NY,14.0,18.3
36113,Warren,NY,11.3,17.0
36115,Washington,NY,13.3,20.4
36117,Wayne,NY,12.2,16.9
36119,Westchester,NY,10.1,13.1
36121,Wyoming,NY,13.3,17.3
36123,Yates,NY,13.6,22.1
37001,Alamance,NC,18.9,26.1
37003,Alexander,NC,15.5,22.3
37005,Alleghany,NC,22.9,35.9
37007,Anson,NC,25.2,35.6
37009,Ashe,NC,20.2,31.8
37011,Avery,NC,19.7,29.9
37013,Beaufort,NC,19.2,33.3
37015,Bertie,NC,24.8,35.9
37017,Bladen,NC,25.4,35.2
37019,Brunswick,NC,14.3,24.5
37021,Buncombe,NC,15.2,23.2
37023,Burke,NC,16.7,23.6
37025,Cabarrus,NC,10.8,15.2
37027,Caldwell,NC,16.2,23.9
37029,Camden,NC,9.7,13.7
37031,Carteret,NC,13.8,22.7
37033,Caswell,NC,20.1,29.8
37035,Catawba,NC,15.1,20.8
37037,Chatham,NC,11.6,18.0
37039,Cherokee,NC,18.3,30.9
37041,Chowan,NC,19.4,33.0
37043,Clay,NC,17.4,31.9
37045,Cleveland,NC,19.8,29.4
37047,Columbus,NC,24.0,34.1
37049,Craven,NC,15.0,24.2
37051,Cumberland,NC,18.8,27.6
37053,Currituck,NC,10.4,17.0
37055,Dare,NC,10.3,17.8
37057,Davidson,NC,14.1,21.3
37059,Davie,NC,12.3,18.4
37061,Duplin,NC,24.9,34.1
37063,Durham,NC,17.1,26.0
37065,Edgecombe,NC,27.8,42.6
37067,Forsyth,NC,18.1,28.5
37069,Franklin,NC,16.0,22.5
37071,Gaston,NC,17.3,25.0
37073,Gates,NC,16.7,23.5
37075,Graham,NC,21.0,32.6
37077,Granville,NC,16.0,21.8
37079,Greene,NC,25.4,34.5
37081,Guilford,NC,15.7,23.5
37083,Halifax,NC,27.9,39.1
37085,Harnett,NC,17.7,23.8
37087,Haywood,NC,17.6,27.3
37089,Henderson,NC,13.1,21.1
37091,Hertford,NC,26.9,37.6
37093,Hoke,NC,19.9,28.5
37095,Hyde,NC,23.0,30.7
37097,Iredell,NC,14.2,19.3
37099,Jackson,NC,20.9,27.3
37101,Johnston,NC,13.0,18.7
37103,Jones,NC,21.4,36.5
37105,Lee,NC,17.1,25.8
37107,Lenoir,NC,22.7,36.9
37109,Lincoln,NC,13.4,20.4
37111,McDowell,NC,18.8,26.8
37113,Macon,NC,16.9,29.4
37115,Madison,NC,20.9,29.1
37117,Martin,NC,22.5,36.3
37119,Mecklenburg,NC,14.3,19.1
37121,Mitchell,NC,16.7,27.5
37123,Montgomery,NC,19.9,31.3
37125,Moore,NC,13.2,21.1
37127,Nash,NC,18.1,25.9
37129,New Hanover,NC,17.3,22.1
37131,Northampton,NC,26.8,45.3
37133,Onslow,NC,15.3,21.5
37135,Orange,NC,14.3,13.1
37137,Pamlico,NC,14.6,32.3
37139,Pasquotank,NC,19.1,29.5
37141,Pender,NC,14.8,21.9
37143,Perquimans,NC,17.6,31.6
37145,Person,NC,16.3,24.0
37147,Pitt,NC,25.9,30.6
37149,Polk,NC,13.5,24.1
37151,Randolph,NC,16.4,25.0
37153,Richmond,NC,28.7,42.8
37155,Robeson,NC,30.6,41.9
37157,Rockingham,NC,18.4,26.3
37159,Rowan,NC,17.3,26.5
37161,Rutherford,NC,19.2,29.6
37163,Sampson,NC,21.4,29.5
37165,Scotland,NC,29.0,44.4
37167,Stanly,NC,17.1,25.1
37169,Stokes,NC,15.3,22.8
37171,Surry,NC,18.2,27.0
37173,Swain,NC,16.2,26.0
37175,Transylvania,NC,15.4,29.6
37177,Tyrrell,NC,25.0,36.2
37179,Union,NC,9.7,12.7
37181,Vance,NC,24.6,37.3
37183,Wake,NC,11.1,14.7
37185,Warren,NC,27.3,37.1
37187,Washington,NC,23.4,40.9
37189,Watauga,NC,25.3,18.9
37191,Wayne,NC,18.4,28.1
37193,Wilkes,NC,18.7,27.4
37195,Wilson,NC,19.9,30.3
37197,Yadkin,NC,16.3,24.9
37199,Yancey,NC,19.3,29.2
38001,Adams,ND,10.1,12.4
38003,Barnes,ND,12.4,13.5
38005,Benson,ND,27.9,39.0
38007,Billings,ND,7.1,5.9
38009,Bottineau,ND,10.6,13.7
38011,Bowman,ND,7.6,7.7
38013,Burke,ND,8.4,11.1
38015,Burleigh,ND,9.0,8.5
38017,Cass,ND,10.7,10.0
38019,Cavalier,ND,9.4,13.0
38021,Dickey,ND,10.3,14.3
38023,Divide,ND,8.6,11.2
38025,Dunn,ND,9.9,12.2
38027,Eddy,ND,11.3,15.0
38029,Emmons,ND,13.9,16.2
38031,Foster,ND,8.4,12.0
38033,Golden Valley,ND,10.2,12.3
38035,Grand Forks,ND,14.3,13.8
38037,Grant,ND,15.6,18.4
38039,Griggs,ND,10.0,9.5
38041,Hettinger,ND,10.6,10.2
38043,Kidder,ND,13.9,18.8
38045,LaMoure,ND,10.9,13.3
38047,Logan,ND,11.8,13.3
38049,McHenry,ND,11.1,13.0
38051,McIntosh,ND,12.5,16.4
38053,McKenzie,ND,8.4,10.2
38055,McLean,ND,10.0,12.0
38057,Mercer,ND,7.2,7.0
38059,Morton,ND,7.8,10.7
38061,Mountrail,ND,11.2,14.6
38063,Nelson,ND,11.6,16.5
38065,Oliver,ND,10.2,17.5
38067,Pembina,ND,8.8,11.2
38069,Pierce,ND,16.1,17.3
38071,Ramsey,ND,12.0,16.8
38073,Ransom,ND,9.1,12.3
38075,Renville,ND,7.6,8.1
38077,Richland,ND,10.2,11.5
38079,Rolette,ND,25.5,31.7
38081,Sargent,ND,7.8,10.4
38083,Sheridan,ND,17.6,18.7
38085,Sioux,ND,40.4,45.1
38087,Slope,ND,9.0,9.0
38089,Stark,ND,7.5,8.0
38091,Steele,ND,7.8,12.1
38093,Stutsman,ND,11.4,14.2
38095,Towner,ND,10.4,15.2
38097,Traill,ND,9.5,9.7
38099,Walsh,ND,10.8,13.3
38101,Ward,ND,8.4,9.6
38103,Wells,ND,10.4,11.7
38105,Williams,ND,7.8,9.3
39001,Adams,OH,21.3,29.3
39003,Allen,OH,15.5,23.4
39005,Ashland,OH,14.1,20.1
39007,Ashtabula,OH,18.6,28.6
39009,Athens,OH,31.5,29.1
39011,Auglaize,OH,8.7,11.5
39013,Belmont,OH,14.6,21.1
39015,Brown,OH,14.9,23.6
39017,Butler,OH,14.4,18.3
39019,Carroll,OH,13.0,20.0
39021,Champaign,OH,10.8,16.2
39023,Clark,OH,15.1,25.1
39025,Clermont,OH,9.5,13.5
39027,Clinton,OH,13.6,21.1
39029,Columbiana,OH,14.7,22.3
39031,Coshocton,OH,15.1,23.4
39033,Crawford,OH,16.5,24.4
39035,Cuyahoga,OH,18.2,26.2
39037,Darke,OH,9.6,15.2
39039,Defiance,OH,10.2,16.2
39041,Delaware,OH,4.4,4.7
39043,Erie,OH,12.7,22.3
39045,Fairfield,OH,9.1,12.4
39047,Fayette,OH,16.3,26.2
39049,Franklin,OH,17.1,24.5
39051,Fulton,OH,8.5,12.4
39053,Gallia,OH,21.7,32.4
39055,Geauga,OH,6.7,8.8
39057,Greene,OH,12.7,16.2
39059,Guernsey,OH,18.6,28.7
39061,Hamilton,OH,16.6,23.1
39063,Hancock,OH,10.6,14.6
39065,Hardin,OH,16.5,21.2
39067,Harrison,OH,15.5,24.3
39069,Henry,OH,9.4,13.9
39071,Highland,OH,17.9,27.6
39073,Hocking,OH,15.7,23.8
39075,Holmes,OH,10.8,15.7
39077,Huron,OH,13.1,20.7
39079,Jackson,OH,20.4,29.2
39081,Jefferson,OH,17.8,28.5
39083,Knox,OH,14.8,19.9
39085,Lake,OH,8.3,12.6
39087,Lawrence,OH,21.0,30.1
39089,Licking,OH,12.6,17.4
39091,Logan,OH,10.9,17.3
39093,Lorain,OH,13.5,20.9
39095,Lucas,OH,19.5,28.9
39097,Madison,OH,9.3,14.0
39099,Mahoning,OH,16.8,26.8
39101,Marion,OH,18.2,27.7
39103,Medina,OH,7.0,8.8
39105,Meigs,OH,22.8,31.3
39107,Mercer,OH,7.8,10.6
39109,Miami,OH,10.7,14.0
39111,Monroe,OH,18.3,24.4
39113,Montgomery,OH,17.7,27.0
39115,Morgan,OH,19.0,29.1
39117,Morrow,OH,11.3,19.4
39119,Muskingum,OH,16.5,26.7
39121,Noble,OH,15.0,17.8
39123,Ottawa,OH,9.7,15.3
39125,Paulding,OH,10.9,17.3
39127,Perry,OH,18.8,25.9
39129,Pickaway,OH,12.4,17.6
39131,Pike,OH,21.4,33.3
39133,Portage,OH,13.6,16.1
39135,Preble,OH,12.7,18.9
39137,Putnam,OH,7.2,8.7
39139,Richland,OH,15.1,23.4
39141,Ross,OH,17.8,25.9
39143,Sandusky,OH,12.2,18.3
39145,Scioto,OH,23.0,32.1
39147,Seneca,OH,13.6,19.8
39149,Shelby,OH,8.9,13.6
39151,Stark,OH,13.4,20.2
39153,Summit,OH,14.4,21.5
39155,Trumbull,OH,17.6,26.9
39157,Tuscarawas,OH,13.0,18.0
39159,Union,OH,7.6,8.8
39161,Van Wert,OH,11.2,15.3
39163,Vinton,OH,18.9,32.9
39165,Warren,OH,5.2,6.6
39167,Washington,OH,15.0,21.5
39169,Wayne,OH,11.3,16.9
39171,Williams,OH,12.0,17.5
39173,Wood,OH,11.7,10.9
39175,Wyandot,OH,8.8,11.7
40001,Adair,OK,28.4,42.7
40003,Alfalfa,OK,14.6,16.3
40005,Atoka,OK,23.0,30.6
40007,Beaver,OK,11.1,14.1
40009,Beckham,OK,13.9,18.2
40011,Blaine,OK,16.3,25.3
40013,Bryan,OK,18.1,25.9
40015,Caddo,OK,21.3,27.7
40017,Canadian,OK,9.8,11.2
40019,Carter,OK,16.3,23.2
40021,Cherokee,OK,21.5,28.6
40023,Choctaw,OK,29.9,40.2
40025,Cimarron,OK,17.0,29.6
40027,Cleveland,OK,11.5,12.8
40029,Coal,OK,19.4,28.5
40031,Comanche,OK,15.1,20.7
40033,Cotton,OK,16.8,23.5
40035,Craig,OK,18.2,27.4
40037,Creek,OK,15.7,21.9
40039,Custer,OK,17.9,20.4
40041,Delaware,OK,20.5,32.8
40043,Dewey,OK,13.1,17.8
40045,Ellis,OK,11.9,17.0
40047,Garfield,OK,14.5,20.2
40049,Garvin,OK,14.2,20.3
40051,Grady,OK,13.1,17.7
40053,Grant,OK,11.4,15.4
40055,Greer,OK,23.7,26.6
40057,Harmon,OK,23.6,31.8
40059,Harper,OK,9.8,13.4
40061,Haskell,OK,18.1,27.7
40063,Hughes,OK,20.1,28.9
40065,Jackson,OK,17.2,24.8
40067,Jefferson,OK,19.9,30.0
40069,Johnston,OK,21.4,29.1
40071,Kay,OK,18.7,27.0
40073,Kingfisher,OK,10.6,13.4
40075,Kiowa,OK,21.1,29.3
40077,Latimer,OK,19.4,26.9
40079,Le Flore,OK,19.3,27.4
40081,Lincoln,OK,14.7,20.5
40083,Logan,OK,13.1,16.4
40085,Love,OK,12.4,21.2
40087,McClain,OK,10.7,14.2
40089,McCurtain,OK,25.3,32.3
40091,McIntosh,OK,21.3,31.9
40093,Major,OK,10.8,13.6
40095,Marshall,OK,17.1,25.5
40097,Mayes,OK,18.5,25.9
40099,Murray,OK,14.4,19.4
40101,Muskogee,OK,21.1,27.6
40103,Noble,OK,11.8,17.3
40105,Nowata,OK,16.4,25.3
40107,Okfuskee,OK,23.9,31.4
40109,Oklahoma,OK,16.2,23.5
40111,Okmulgee,OK,22.5,32.2
40113,Osage,OK,16.3,23.9
40115,Ottawa,OK,23.0,33.0
40117,Pawnee,OK,16.0,23.6
40119,Payne,OK,22.7,18.0
40121,Pittsburg,OK,17.0,23.3
40123,Pontotoc,OK,15.4,20.6
40125,Pottawatomie,OK,17.0,22.6
40127,Pushmataha,OK,21.1,30.6
40129,Roger Mills,OK,10.8,15.5
40131,Rogers,OK,10.0,13.8
40133,Seminole,OK,20.7,30.5
40135,Sequoyah,OK,24.4,32.7
40137,Stephens,OK,15.6,21.9
40139,Texas,OK,11.4,15.8
40141,Tillman,OK,23.1,30.2
40143,Tulsa,OK,15.9,22.6
40145,Wagoner,OK,10.2,14.7
40147,Washington,OK,13.5,19.7
40149,Washita,OK,15.8,21.4
40151,Woods,OK,13.8,15.6
40153,Woodward,OK,11.8,16.1
41001,Baker,OR,15.3,27.0
41003,Benton,OR,18.3,15.0
41005,Clackamas,OR,9.4,12.3
41007,Clatsop,OR,13.9,21.5
41009,Columbia,OR,13.4,16.6
41011,Coos,OR,18.7,29.8
41013,Crook,OR,15.9,25.6
41015,Curry,OR,17.2,27.0
41017,Deschutes,OR,13.4,18.2
41019,Douglas,OR,19.5,30.7
41021,Gilliam,OR,12.9,17.9
41023,Grant,OR,16.4,26.4
41025,Harney,OR,16.3,25.5
41027,Hood River,OR,11.5,17.9
41029,Jackson,OR,19.3,25.2
41031,Jefferson,OR,21.9,31.7
41033,Josephine,OR,21.9,34.4
41035,Klamath,OR,19.9,29.4
41037,Lake,OR,18.6,26.1
41039,Lane,OR,19.0,23.1
41041,Lincoln,OR,17.0,27.9
41043,Linn,OR,15.8,22.4
41045,Malheur,OR,24.9,33.9
41047,Marion,OR,16.8,24.1
41049,Morrow,OR,15.0,22.9
41051,Multnomah,OR,15.7,18.5
41053,Polk,OR,13.7,18.1
41055,Sherman,OR,16.3,20.7
41057,Tillamook,OR,15.5,25.2
41059,Umatilla,OR,19.2,26.3
41061,Union,OR,16.5,21.2
41063,Wallowa,OR,16.1,26.2
41065,Wasco,OR,16.0,24.1
41067,Washington,OR,10.5,12.3
41069,Wheeler,OR,21.4,43.6
41071,Yamhill,OR,13.3,18.1
42001,Adams,PA,8.5,13.5
42003,Allegheny,PA,12.2,16.5
42005,Armstrong,PA,12.6,19.2
42007,Beaver,PA,13.1,20.3
42009,Bedford,PA,13.9,19.0
42011,Berks,PA,12.6,19.9
42013,Blair,PA,15.3,22.5
42015,Bradford,PA,13.0,19.8
42017,Bucks,PA,6.3,7.8
42019,Butler,PA,9.5,11.3
42021,Cambria,PA,14.9,21.5
42023,Cameron,PA,13.3,22.4
42025,Carbon,PA,11.5,18.8
42027,Centre,PA,16.1,12.2
42029,Chester,PA,6.0,7.4
42031,Clarion,PA,17.4,21.3
42033,Clearfield,PA,16.6,26.2
42035,Clinton,PA,16.0,22.3
42037,Columbia,PA,15.0,18.5
42039,Crawford,PA,15.3,23.5
42041,Cumberland,PA,7.3,10.4
42043,Dauphin,PA,13.6,23.4
42045,Delaware,PA,10.4,14.4
42047,Elk,PA,9.3,14.2
42049,Erie,PA,17.1,26.3
42051,Fayette,PA,20.1,31.2
42053,Forest,PA,24.3,46.4
42055,Franklin,PA,9.4,14.9
42057,Fulton,PA,11.6,19.4
42059,Greene,PA,15.1,21.5
42061,Huntingdon,PA,14.3,20.7
42063,Indiana,PA,18.2,22.3
42065,Jefferson,PA,14.6,21.9
42067,Juniata,PA,12.8,19.0
42069,Lackawanna,PA,15.3,22.4
42071,Lancaster,PA,10.6,15.5
42073,Lawrence,PA,17.5,26.6
42075,Lebanon,PA,11.6,17.4
42077,Lehigh,PA,12.1,19.1
42079,Luzerne,PA,15.1,23.9
42081,Lycoming,PA,14.8,23.1
42083,McKean,PA,16.9,25.6
42085,Mercer,PA,14.2,24.0
42087,Mifflin,PA,15.4,26.4
42089,Monroe,PA,12.7,17.6
42091,Montgomery,PA,6.6,7.5
42093,Montour,PA,9.0,15.2
42095,Northampton,PA,8.8,13.4
42097,Northumberland,PA,13.1,20.2
42099,Perry,PA,9.6,14.3
42101,Philadelphia,PA,25.4,38.4
42103,Pike,PA,10.9,17.1
42105,Potter,PA,14.3,23.6
42107,Schuylkill,PA,13.0,19.0
42109,Snyder,PA,11.7,18.0
42111,Somerset,PA,14.4,21.8
42113,Sullivan,PA,13.5,20.7
42115,Susquehanna,PA,12.6,19.6
42117,Tioga,PA,13.1,18.9
42119,Union,PA,12.4,13.6
42121,Venango,PA,13.5,23.2
42123,Warren,PA,12.2,22.7
42125,Washington,PA,10.1,13.8
42127,Wayne,PA,13.3,20.7
42129,Westmoreland,PA,11.3,15.5
42131,Wyoming,PA,11.1,17.7
42133,York,PA,10.4,15.2
44001,Bristol,RI,9.3,9.7
44003,Kent,RI,8.7,12.5
44005,Newport,RI,11.1,13.8
44007,Providence,RI,17.2,25.7
44009,Washington,RI,9.9,11.3
45001,Abbeville,SC,19.1,26.2
45003,Aiken,SC,18.1,27.1
45005,Allendale,SC,41.0,50.6
45007,Anderson,SC,17.2,25.1
45009,Bamberg,SC,32.7,43.9
45011,Barnwell,SC,27.3,38.2
45013,Beaufort,SC,12.9,21.3
45015,Berkeley,SC,13.0,18.7
45017,Calhoun,SC,21.3,29.4
45019,Charleston,SC,14.9,22.9
45021,Cherokee,SC,20.3,29.7
45023,Chester,SC,25.7,38.0
45025,Chesterfield,SC,23.5,33.7
45027,Clarendon,SC,25.4,38.1
45029,Colleton,SC,23.1,36.7
45031,Darlington,SC,21.5,33.4
45033,Dillon,SC,31.2,42.8
45035,Dorchester,SC,13.6,18.8
45037,Edgefield,SC,18.9,27.1
45039,Fairfield,SC,23.0,33.4
45041,Florence,SC,20.3,28.7
45043,Georgetown,SC,19.3,32.0
45045,Greenville,SC,13.8,17.7
45047,Greenwood,SC,19.1,26.2
45049,Hampton,SC,23.6,35.1
45051,Horry,SC,16.7,29.6
45053,Jasper,SC,23.2,40.1
45055,Kershaw,SC,15.5,23.3
45057,Lancaster,SC,14.4,21.0
45059,Laurens,SC,18.9,30.7
45061,Lee,SC,28.3,38.6
45063,Lexington,SC,13.2,19.1
45065,McCormick,SC,19.2,35.2
45067,Marion,SC,24.4,41.1
45069,Marlboro,SC,28.2,37.9
45071,Newberry,SC,19.1,28.5
45073,Oconee,SC,18.0,25.1
45075,Orangeburg,SC,24.0,36.8
45077,Pickens,SC,18.1,19.4
45079,Richland,SC,15.8,22.3
45081,Saluda,SC,18.3,29.6
45083,Spartanburg,SC,15.0,21.5
45085,Sumter,SC,19.6,29.8
45087,Union,SC,23.2,33.8
45089,Williamsburg,SC,33.6,43.3
45091,York,SC,12.5,17.1
46003,Aurora,SD,9.6,12.0
46005,Beadle,SD,15.5,21.4
46007,Bennett,SD,35.1,47.0
46009,Bon Homme,SD,14.6,17.1
46011,Brookings,SD,14.5,11.2
46013,Brown,SD,10.2,12.6
46015,Brule,SD,12.7,17.6
46017,Buffalo,SD,36.8,43.5
46019,Butte,SD,13.9,20.1
46021,Campbell,SD,9.5,8.6
46023,Charles Mix,SD,23.3,34.6
46025,Clark,SD,12.6,21.1
46027,Clay,SD,19.0,17.7
46029,Codington,SD,10.8,12.4
46031,Corson,SD,47.4,59.8
46033,Custer,SD,10.7,17.7
46035,Davison,SD,13.4,15.1
46037,Day,SD,14.2,18.1
46039,Deuel,SD,10.0,12.4
46041,Dewey,SD,24.7,32.9
46043,Douglas,SD,10.4,12.2
46045,Edmunds,SD,10.7,14.9
46047,Fall River,SD,14.6,22.6
46049,Faulk,SD,12.9,14.4
46051,Grant,SD,9.2,11.0
46053,Gregory,SD,18.1,24.9
46055,Haakon,SD,10.8,14.8
46057,Hamlin,SD,9.0,11.4
46059,Hand,SD,8.5,10.9
46061,Hanson,SD,8.7,15.3
46063,Harding,SD,10.2,13.3
46065,Hughes,SD,10.8,13.3
46067,Hutchinson,SD,12.3,18.2
46069,Hyde,SD,11.1,14.9
46071,Jackson,SD,32.5,45.2
46073,Jerauld,SD,13.7,19.9
46075,Jones,SD,13.5,22.6
46077,Kingsbury,SD,9.5,12.2
46079,Lake,SD,10.1,11.7
46081,Lawrence,SD,12.9,16.0
46083,Lincoln,SD,4.3,4.8
46085,Lyman,SD,22.7,35.2
46087,McCook,SD,9.5,13.7
46089,McPherson,SD,15.7,22.5
46091,Marshall,SD,12.3,21.3
46093,Meade,SD,9.9,13.2
46095,Mellette,SD,35.6,44.2
46097,Miner,SD,10.8,14.3
46099,Minnehaha,SD,12.2,14.5
46101,Moody,SD,10.7,14.6
46103,Pennington,SD,12.2,18.4
46105,Perkins,SD,13.1,15.0
46107,Potter,SD,10.0,13.0
46109,Roberts,SD,20.0,29.0
46111,Sanborn,SD,11.9,18.1
46113,Shannon,SD,,
46115,Spink,SD,12.1,15.2
46117,Stanley,SD,8.3,11.0
46119,Sully,SD,6.9,8.6
46121,Todd,SD,44.0,52.3
46123,Tripp,SD,17.7,25.9
46125,Turner,SD,10.0,9.6
46127,Union,SD,6.3,7.0
46129,Walworth,SD,14.8,20.3
46135,Yankton,SD,13.6,14.5
46137,Ziebach,SD,47.1,54.0
47001,Anderson,TN,19.7,30.0
47003,Bedford,TN,17.0,24.7
47005,Benton,TN,20.5,32.2
47007,Bledsoe,TN,26.1,34.5
47009,Blount,TN,13.1,19.3
47011,Bradley,TN,18.1,23.8
47013,Campbell,TN,26.2,39.4
47015,Cannon,TN,16.4,23.4
47017,Carroll,TN,21.1,31.1
47019,Carter,TN,23.6,33.1
47021,Cheatham,TN,10.6,16.3
47023,Chester,TN,19.0,26.5
47025,Claiborne,TN,21.6,33.1
47027,Clay,TN,23.7,34.8
47029,Cocke,TN,26.4,40.1
47031,Coffee,TN,15.9,24.2
47033,Crockett,TN,19.1,25.8
47035,Cumberland,TN,16.7,27.5
47037,Davidson,TN,17.1,26.5
47039,Decatur,TN,19.4,28.7
47041,DeKalb,TN,20.2,30.9
47043,Dickson,TN,16.4,23.3
47045,Dyer,TN,22.5,31.3
47047,Fayette,TN,13.8,21.5
47049,Fentress,TN,25.7,36.3
47051,Franklin,TN,15.0,21.7
47053,Gibson,TN,15.7,23.4
47055,Giles,TN,16.1,24.3
47057,Grainger,TN,18.7,27.9
47059,Greene,TN,18.0,25.2
47061,Grundy,TN,26.1,36.6
47063,Hamblen,TN,19.0,26.3
47065,Hamilton,TN,15.2,21.7
47067,Hancock,TN,30.1,44.3
47069,Hardeman,TN,24.2,31.1
47071,Hardin,TN,22.7,31.9
47073,Hawkins,TN,21.2,30.6
47075,Haywood,TN,22.5,33.1
47077,Henderson,TN,17.5,25.0
47079,Henry,TN,19.1,30.8
47081,Hickman,TN,20.4,29.3
47083,Houston,TN,19.5,29.9
47085,Humphreys,TN,15.9,25.2
47087,Jackson,TN,23.6,34.2
47089,Jefferson,TN,16.8,25.6
47091,Johnson,TN,27.2,34.9
47093,Knox,TN,15.6,19.8
47095,Lake,TN,43.1,47.9
47097,Lauderdale,TN,26.2,35.1
47099,Lawrence,TN,18.9,28.7
47101,Lewis,TN,17.9,29.7
47103,Lincoln,TN,16.0,25.3
47105,Loudon,TN,13.5,22.0
47107,McMinn,TN,23.0,31.6
47109,McNairy,TN,18.9,27.6
47111,Macon,TN,18.5,30.0
47113,Madison,TN,18.1,28.8
47115,Marion,TN,19.0,28.5
47117,Marshall,TN,13.8,20.5
47119,Maury,TN,13.2,19.4
47121,Meigs,TN,20.2,30.2
47123,Monroe,TN,18.6,28.9
47125,Montgomery,TN,13.4,18.4
47127,Moore,TN,11.8,18.8
47129,Morgan,TN,21.2,29.4
47131,Obion,TN,19.5,27.3
47133,Overton,TN,17.5,26.2
47135,Perry,TN,22.3,33.6
47137,Pickett,TN,18.9,29.3
47139,Polk,TN,18.4,28.3
47141,Putnam,TN,19.7,23.8
47143,Rhea,TN,23.3,32.8
47145,Roane,TN,17.6,25.2
47147,Robertson,TN,12.3,18.4
47149,Rutherford,TN,11.1,13.5
47151,Scott,TN,25.5,34.2
47153,Sequatchie,TN,18.7,28.6
47155,Sevier,TN,14.6,23.5
47157,Shelby,TN,20.2,31.4
47159,Smith,TN,18.1,25.2
47161,Stewart,TN,15.5,25.2
47163,Sullivan,TN,16.4,24.6
47165,Sumner,TN,10.1,13.9
47167,Tipton,TN,14.4,21.0
47169,Trousdale,TN,16.2,24.7
47171,Unicoi,TN,19.2,27.5
47173,Union,TN,23.9,33.9
47175,Van Buren,TN,18.9,30.9
47177,Warren,TN,21.2,30.1
47179,Washington,TN,17.2,22.1
47181,Wayne,TN,25.4,32.5
47183,Weakley,TN,18.2,24.6
47185,White,TN,18.2,28.4
47187,Williamson,TN,5.0,5.3
47189,Wilson,TN,8.4,11.7
48001,Anderson,TX,21.0,26.9
48003,Andrews,TX,10.4,13.4
48005,Angelina,TX,17.9,27.6
48007,Aransas,TX,18.2,32.9
48009,Archer,TX,9.5,12.8
48011,Armstrong,TX,10.4,14.3
48013,Atascosa,TX,20.4,29.9
48015,Austin,TX,12.7,18.9
48017,Bailey,TX,15.8,26.0
48019,Bandera,TX,13.3,23.8
48021,Bastrop,TX,12.7,21.7
48023,Baylor,TX,17.4,28.4
48025,Bee,TX,23.4,29.0
48027,Bell,TX,15.9,23.0
48029,Bexar,TX,15.6,22.2
48031,Blanco,TX,10.9,18.2
48033,Borden,TX,10.2,14.5
48035,Bosque,TX,15.0,24.6
48037,Bowie,TX,18.6,26.2
48039,Brazoria,TX,10.6,13.5
48041,Brazos,TX,24.0,19.7
48043,Brewster,TX,14.8,21.9
48045,Briscoe,TX,16.6,30.4
48047,Brooks,TX,31.7,46.5
48049,Brown,TX,18.2,25.7
48051,Burleson,TX,15.5,24.7
48053,Burnet,TX,13.2,22.3
48055,Caldwell,TX,17.8,25.2
48057,Calhoun,TX,16.8,26.2
48059,Callahan,TX,13.0,21.0
48061,Cameron,TX,32.0,45.9
48063,Camp,TX,18.8,30.6
48065,Carson,TX,8.5,11.2
48067,Cass,TX,20.0,29.4
48069,Castro,TX,18.8,28.8
48071,Chambers,TX,9.6,12.0
48073,Cherokee,TX,19.0,27.6
48075,Childress,TX,22.3,27.5
48077,Clay,TX,12.3,18.9
48079,Cochran,TX,22.5,34.7
48081,Coke,TX,13.5,21.3
48083,Coleman,TX,20.0,33.6
48085,Collin,TX,6.6,8.2
48087,Collingsworth,TX,19.0,32.1
48089,Colorado,TX,14.5,23.6
48091,Comal,TX,8.3,12.7
48093,Comanche,TX,16.8,27.2
48095,Concho,TX,26.4,25.5
48097,Cooke,TX,13.2,20.5
48099,Coryell,TX,16.0,24.0
48101,Cottle,TX,21.4,36.1
48103,Crane,TX,9.6,12.8
48105,Crockett,TX,12.9,18.6
48107,Crosby,TX,22.8,34.8
48109,Culberson,TX,23.9,37.2
48111,Dallam,TX,12.0,17.7
48113,Dallas,TX,17.9,26.5
48115,Dawson,TX,21.9,29.5
48117,Deaf Smith,TX,19.4,28.1
48119,Delta,TX,18.5,28.4
48121,Denton,TX,8.0,9.0
48123,DeWitt,TX,19.2,27.2
48125,Dickens,TX,22.2,29.2
48127,Dimmit,TX,24.4,34.5
48129,Donley,TX,20.2,32.8
48131,Duval,TX,25.4,37.4
48133,Eastland,TX,18.1,27.9
48135,Ector,TX,12.6,17.4
48137,Edwards,TX,22.2,39.6
48139,Ellis,TX,10.9,15.6
48141,El Paso,TX,20.3,29.4
48143,Erath,TX,17.7,21.1
48145,Falls,TX,23.9,32.7
48147,Fannin,TX,16.4,23.0
48149,Fayette,TX,12.0,17.9
48151,Fisher,TX,15.2,22.6
48153,Floyd,TX,21.8,36.4
48155,Foard,TX,17.8,28.2
48157,Fort Bend,TX,7.0,9.7
48159,Franklin,TX,16.4,27.0
48161,Freestone,TX,15.8,21.9
48163,Frio,TX,29.3,35.8
48165,Gaines,TX,13.3,20.1
48167,Galveston,TX,14.0,19.1
48169,Garza,TX,26.8,27.3
48171,Gillespie,TX,10.4,18.0
48173,Glasscock,TX,7.8,10.5
48175,Goliad,TX,14.1,21.2
48177,Gonzales,TX,16.4,25.6
48179,Gray,TX,13.0,17.8
48181,Grayson,TX,15.2,22.6
48183,Gregg,TX,17.0,23.4
48185,Grimes,TX,17.8,25.3
48187,Guadalupe,TX,10.3,14.5
48189,Hale,TX,20.3,29.4
48191,Hall,TX,25.5,39.8
48193,Hamilton,TX,15.4,25.8
48195,Hansford,TX,11.7,16.9
48197,Hardeman,TX,18.0,29.7
48199,Hardin,TX,11.8,16.3
48201,Harris,TX,16.6,25.3
48203,Harrison,TX,18.5,26.9
48205,Hartley,TX,9.9,10.1
48207,Haskell,TX,22.3,30.6
48209,Hays,TX,13.6,14.1
48211,Hemphill,TX,8.6,13.1
48213,Henderson,TX,16.2,26.8
48215,Hidalgo,TX,31.1,42.9
48217,Hill,TX,17.8,29.2
48219,Hockley,TX,15.9,22.6
48221,Hood,TX,9.8,18.0
48223,Hopkins,TX,15.9,24.4
48225,Houston,TX,27.0,35.7
48227,Howard,TX,19.1,23.1
48229,Hudspeth,TX,25.0,38.4
48231,Hunt,TX,16.5,23.1
48233,Hutchinson,TX,14.2,19.8
48235,Irion,TX,7.9,11.2
48237,Jack,TX,17.1,21.0
48239,Jackson,TX,13.6,19.0
48241,Jasper,TX,15.7,24.8
48243,Jeff Davis,TX,13.3,35.9
48245,Jefferson,TX,16.9,23.6
48247,Jim Hogg,TX,23.2,33.9
48249,Jim Wells,TX,22.1,30.9
48251,Johnson,TX,11.4,17.2
48253,Jones,TX,21.4,25.1
48255,Karnes,TX,20.0,25.7
48257,Kaufman,TX,13.1,15.8
48259,Kendall,TX,8.0,11.7
48261,Kenedy,TX,16.5,26.5
48263,Kent,TX,11.3,18.1
48265,Kerr,TX,14.3,26.7
48267,Kimble,TX,20.0,37.0
48269,King,TX,11.0,16.2
48271,Kinney,TX,20.6,26.5
48273,Kleberg,TX,24.3,33.0
48275,Knox,TX,19.2,31.7
48277,Lamar,TX,18.8,28.9
48279,Lamb,TX,21.8,31.6
48281,Lampasas,TX,13.9,22.7
48283,La Salle,TX,27.9,33.3
48285,Lavaca,TX,12.2,17.4
48287,Lee,TX,12.4,18.2
48289,Leon,TX,13.8,21.4
48291,Liberty,TX,15.8,22.4
48293,Limestone,TX,19.1,28.9
48295,Lipscomb,TX,9.7,11.2
48297,Live Oak,TX,15.8,21.7
48299,Llano,TX,14.8,27.3
48301,Loving,TX,14.3,28.6
48303,Lubbock,TX,20.1,24.3
48305,Lynn,TX,20.5,31.1
48307,McCulloch,TX,18.6,29.2
48309,McLennan,TX,19.9,26.9
48311,McMullen,TX,10.0,15.8
48313,Madison,TX,19.2,26.1
48315,Marion,TX,23.4,36.4
48317,Martin,TX,11.4,16.2
48319,Mason,TX,13.8,23.3
48321,Matagorda,TX,20.5,30.9
48323,Maverick,TX,23.9,32.2
48325,Medina,TX,14.8,21.4
48327,Menard,TX,20.8,38.2
48329,Midland,TX,8.9,13.1
48331,Milam,TX,16.9,27.5
48333,Mills,TX,16.6,26.1
48335,Mitchell,TX,19.7,24.9
48337,Montague,TX,15.2,22.1
48339,Montgomery,TX,10.1,13.9
48341,Moore,TX,14.4,20.3
48343,Morris,TX,19.5,31.6
48345,Motley,TX,17.0,28.6
48347,Nacogdoches,TX,24.5,30.9
48349,Navarro,TX,19.6,27.9
48351,Newton,TX,21.2,28.1
48353,Nolan,TX,20.0,30.6
48355,Nueces,TX,19.9,30.6
48357,Ochiltree,TX,8.8,13.3
48359,Oldham,TX,13.4,29.2
48361,Orange,TX,16.1,22.6
48363,Palo Pinto,TX,18.6,27.8
48365,Panola,TX,15.1,20.9
48367,Parker,TX,9.4,13.7
48369,Parmer,TX,14.5,21.1
48371,Pecos,TX,18.1,23.6
48373,Polk,TX,17.2,28.8
48375,Potter,TX,22.4,31.8
48377,Presidio,TX,22.4,32.3
48379,Rains,TX,14.4,26.8
48381,Randall,TX,8.5,12.0
48383,Reagan,TX,8.8,11.9
48385,Real,TX,19.4,34.6
48387,Red River,TX,20.2,31.0
48389,Reeves,TX,19.3,24.2
48391,Refugio,TX,15.4,22.9
48393,Roberts,TX,6.7,8.7
48395,Robertson,TX,16.6,28.8
48397,Rockwall,TX,6.0,8.2
48399,Runnels,TX,18.5,25.4
48401,Rusk,TX,16.6,22.3
48403,Sabine,TX,19.7,33.7
48405,San Augustine,TX,24.3,37.3
48407,San Jacinto,TX,18.1,30.1
48409,San Patricio,TX,15.5,23.3
48411,San Saba,TX,18.9,29.2
48413,Schleicher,TX,13.4,21.9
48415,Scurry,TX,12.7,18.1
48417,Shackelford,TX,13.1,19.4
48419,Shelby,TX,19.8,29.0
48421,Sherman,TX,12.8,18.7
48423,Smith,TX,16.0,23.2
48425,Somervell,TX,12.1,17.7
48427,Starr,TX,30.9,42.5
48429,Stephens,TX,18.2,27.7
48431,Sterling,TX,11.6,17.5
48433,Stonewall,TX,14.5,21.2
48435,Sutton,TX,12.5,18.4
48437,Swisher,TX,21.6,34.0
48439,Tarrant,TX,13.1,18.4
48441,Taylor,TX,14.8,21.7
48443,Terrell,TX,16.7,21.8
48445,Terry,TX,22.5,32.2
48447,Throckmorton,TX,13.6,26.9
48449,Titus,TX,20.1,28.8
48451,Tom Green,TX,15.6,21.7
48453,Travis,TX,13.2,17.8
48455,Trinity,TX,19.5,32.8
48457,Tyler,TX,19.9,25.1
48459,Upshur,TX,15.5,23.6
48461,Upton,TX,13.5,18.2
48463,Uvalde,TX,20.7,33.4
48465,Val Verde,TX,22.1,31.8
48467,Van Zandt,TX,15.9,22.3
48469,Victoria,TX,13.6,20.7
48471,Walker,TX,22.7,24.9
48473,Waller,TX,16.0,21.9
48475,Ward,TX,12.8,17.8
48477,Washington,TX,14.5,20.0
48479,Webb,TX,30.5,41.9
48481,Wharton,TX,17.2,24.9
48483,Wheeler,TX,12.9,19.0
48485,Wichita,TX,18.9,26.3
48487,Wilbarger,TX,16.5,25.0
48489,Willacy,TX,35.4,43.0
48491,Williamson,TX,6.6,8.7
48493,Wilson,TX,9.4,13.2
48495,Winkler,TX,13.3,18.5
48497,Wise,TX,12.1,17.4
48499,Wood,TX,16.6,27.7
48501,Yoakum,TX,11.1,14.8
48503,Young,TX,15.0,22.0
48505,Zapata,TX,30.9,45.2
48507,Zavala,TX,32.0,42.2
49001,Beaver,UT,11.2,14.8
49003,Box Elder,UT,8.4,11.7
49005,Cache,UT,16.0,16.0
49007,Carbon,UT,16.3,20.6
49009,Daggett,UT,8.0,12.2
49011,Davis,UT,6.9,8.3
49013,Duchesne,UT,11.0,12.0
49015,Emery,UT,10.4,14.4
49017,Garfield,UT,11.2,18.0
49019,Grand,UT,13.0,21.5
49021,Iron,UT,18.3,22.4
49023,Juab,UT,10.5,14.2
49025,Kane,UT,11.3,17.0
49027,Millard,UT,13.1,19.2
49029,Morgan,UT,4.8,5.3
49031,Piute,UT,17.3,31.1
49033,Rich,UT,9.1,11.1
49035,Salt Lake,UT,10.8,12.8
49037,San Juan,UT,28.5,31.9
49039,Sanpete,UT,17.2,19.1
49041,Sevier,UT,14.0,18.8
49043,Summit,UT,6.2,8.1
49045,Tooele,UT,7.2,9.3
49047,Uintah,UT,9.9,11.4
49049,Utah,UT,12.5,11.6
49051,Wasatch,UT,6.9,9.2
49053,Washington,UT,13.2,18.5
49055,Wayne,UT,15.0,25.6
49057,Weber,UT,12.4,15.6
50001,Addison,VT,8.9,10.9
50003,Bennington,VT,11.8,17.8
50005,Caledonia,VT,11.5,17.8
50007,Chittenden,VT,10.4,10.2
50009,Essex,VT,14.3,22.8
50011,Franklin,VT,8.1,13.0
50013,Grand Isle,VT,8.3,13.2
50015,Lamoille,VT,10.2,13.7
50017,Orange,VT,9.8,14.8
50019,Orleans,VT,13.3,20.0
50021,Rutland,VT,11.4,17.0
50023,Washington,VT,9.3,11.1
50025,Windham,VT,13.2,18.1
50027,Windsor,VT,9.1,12.6
51001,Accomack,VA,20.4,31.0
51003,Albemarle,VA,9.5,9.6
51005,Alleghany,VA,18.2,24.0
51007,Amelia,VA,11.1,17.0
51009,Amherst,VA,15.0,20.6
51011,Appomattox,VA,14.2,20.9
51013,Arlington,VA,7.1,8.8
51015,Augusta,VA,9.3,12.9
51017,Bath,VA,10.3,14.6
51019,Bedford,VA,9.1,12.8
51021,Bland,VA,13.6,17.8
51023,Botetourt,VA,7.4,9.3
51025,Brunswick,VA,22.1,29.2
51027,Buchanan,VA,28.8,33.6
51029,Buckingham,VA,20.2,27.5
51031,Campbell,VA,11.7,16.3
51033,Caroline,VA,12.0,17.2
51035,Carroll,VA,15.0,24.3
51036,Charles City,VA,11.6,19.5
51037,Charlotte,VA,19.2,28.4
51041,Chesterfield,VA,6.9,9.5
51043,Clarke,VA,8.4,10.4
51045,Craig,VA,11.9,21.7
51047,Culpeper,VA,10.2,14.9
51049,Cumberland,VA,19.6,30.8
51051,Dickenson,VA,25.0,33.0
51053,Dinwiddie,VA,12.4,17.5
51057,Essex,VA,15.5,26.7
51059,Fairfax,VA,6.2,7.5
51061,Fauquier,VA,6.8,8.3
51063,Floyd,VA,11.9,18.2
51065,Fluvanna,VA,7.8,10.4
51067,Franklin,VA,13.1,19.1
51069,Frederick,VA,7.7,10.7
51071,Giles,VA,10.6,17.6
51073,Gloucester,VA,9.3,14.7
51075,Goochland,VA,7.4,9.8
51077,Grayson,VA,20.1,29.4
51079,Greene,VA,9.3,13.9
51081,Greensville,VA,27.9,28.7
51083,Halifax,VA,16.9,25.6
51085,Hanover,VA,6.2,7.1
51087,Henrico,VA,9.3,13.0
51089,Henry,VA,19.6,30.5
51091,Highland,VA,13.8,24.2
51093,Isle of Wight,VA,9.9,13.1
51095,James City,VA,7.1,10.2
51097,King and Queen,VA,14.0,20.5
51099,King George,VA,7.1,9.6
51101,King William,VA,7.9,12.2
51103,Lancaster,VA,13.1,26.2
51105,Lee,VA,25.9,36.3
51107,Loudoun,VA,3.7,4.0
51109,Louisa,VA,10.6,16.7
51111,Lunenburg,VA,21.1,29.0
51113,Madison,VA,10.4,18.2
51115,Mathews,VA,10.2,17.9
51117,Mecklenburg,VA,20.4,27.5
51119,Middlesex,VA,12.8,25.1
51121,Montgomery,VA,20.8,15.2
51125,Nelson,VA,13.9,23.2
51127,New Kent,VA,6.7,10.2
51131,Northampton,VA,20.5,33.7
51133,Northumberland,VA,13.7,29.0
51135,Nottoway,VA,23.7,28.7
51137,Orange,VA,10.4,15.2
51139,Page,VA,15.0,23.2
51141,Patrick,VA,17.0,25.5
51143,Pittsylvania,VA,17.1,25.6
51145,Powhatan,VA,6.4,8.5
51147,Prince Edward,VA,22.3,29.1
51149,Prince George,VA,9.9,12.3
51153,Prince William,VA,6.7,9.0
51155,Pulaski,VA,15.0,22.1
51157,Rappahannock,VA,9.8,15.6
51159,Richmond,VA,17.7,23.0
51161,Roanoke,VA,7.3,9.4
51163,Rockbridge,VA,12.8,18.6
51165,Rockingham,VA,11.0,14.0
51167,Russell,VA,21.2,28.2
51169,Scott,VA,19.2,24.5
51171,Shenandoah,VA,11.5,17.7
51173,Smyth,VA,18.1,27.6
51175,Southampton,VA,15.2,20.9
51177,Spotsylvania,VA,7.7,10.9
51179,Stafford,VA,5.4,7.1
51181,Surry,VA,13.0,20.0
51183,Sussex,VA,22.1,29.0
51185,Tazewell,VA,17.2,24.1
51187,Warren,VA,10.8,15.1
51191,Washington,VA,16.3,22.7
51193,Westmoreland,VA,14.1,28.9
51195,Wise,VA,22.7,30.9
51197,Wythe,VA,14.4,21.3
51199,York,VA,5.3,6.8
51510,Alexandria,VA,9.1,14.5
51515,Bedford,VA,,
51520,Bristol,VA,19.3,33.4
51530,Buena Vista,VA,17.3,24.6
51540,Charlottesville,VA,20.7,22.6
51550,Chesapeake,VA,9.7,13.9
51570,Colonial Heights,VA,10.6,16.7
51580,Covington,VA,18.3,28.6
51590,Danville,VA,23.5,39.4
51595,Emporia,VA,22.5,38.3
51600,Fairfax,VA,7.3,7.8
51610,Falls Church,VA,3.4,3.3
51620,Franklin,VA,19.4,35.2
51630,Fredericksburg,VA,15.9,22.8
51640,Galax,VA,24.2,36.5
51650,Hampton,VA,15.2,23.5
51660,Harrisonburg,VA,30.9,23.7
51670,Hopewell,VA,20.6,33.7
51678,Lexington,VA,22.9,13.4
51680,Lynchburg,VA,23.1,28.4
51683,Manassas,VA,9.6,15.4
51685,Manassas Park,VA,7.7,12.7
51690,Martinsville,VA,23.7,37.1
51700,Newport News,VA,16.8,25.7
51710,Norfolk,VA,21.5,29.6
51720,Norton,VA,23.7,37.5
51730,Petersburg,VA,28.4,43.0
51735,Poquoson,VA,5.4,6.6
51740,Portsmouth,VA,18.6,30.5
51750,Radford,VA,32.8,21.5
51760,Richmond,VA,24.4,36.3
51770,Roanoke,VA,21.3,32.9
51775,Salem,VA,10.2,13.8
51790,Staunton,VA,15.2,23.0
51800,Suffolk,VA,13.1,18.0
51810,Virginia Beach,VA,8.2,12.4
51820,Waynesboro,VA,16.0,26.2
51830,Williamsburg,VA,22.0,25.1
51840,Winchester,VA,17.8,25.6
53001,Adams,WA,16.5,21.5
53003,Asotin,WA,15.7,24.4
53005,Benton,WA,14.2,19.7
53007,Chelan,WA,12.7,18.3
53009,Clallam,WA,15.6,24.2
53011,Clark,WA,10.6,14.5
53013,Columbia,WA,15.2,25.2
53015,Cowlitz,WA,15.7,22.8
53017,Douglas,WA,13.5,21.0
53019,Ferry,WA,20.4,30.5
53021,Franklin,WA,15.6,21.3
53023,Garfield,WA,15.2,22.4
53025,Grant,WA,16.1,20.6
53027,Grays Harbor,WA,16.0,24.9
53029,Island,WA,8.4,12.7
53031,Jefferson,WA,11.9,23.3
53033,King,WA,9.8,10.6
53035,Kitsap,WA,9.9,11.8
53037,Kittitas,WA,20.0,16.3
53039,Klickitat,WA,17.2,23.6
53041,Lewis,WA,15.3,22.0
53043,Lincoln,WA,14.0,18.6
53045,Mason,WA,16.9,27.0
53047,Okanogan,WA,20.5,28.2
53049,Pacific,WA,18.8,25.8
53051,Pend Oreille,WA,19.6,31.0
53053,Pierce,WA,12.4,16.7
53055,San Juan,WA,11.5,18.5
53057,Skagit,WA,14.9,20.4
53059,Skamania,WA,14.5,20.5
53061,Snohomish,WA,9.3,11.5
53063,Spokane,WA,15.5,19.6
53065,Stevens,WA,19.7,27.2
53067,Thurston,WA,12.2,15.0
53069,Wahkiakum,WA,12.6,25.0
53071,Walla Walla,WA,16.5,20.9
53073,Whatcom,WA,14.4,14.5
53075,Whitman,WA,20.8,14.4
53077,Yakima,WA,19.1,27.4
54001,Barbour,WV,20.1,28.2
54003,Berkeley,WV,12.5,18.5
54005,Boone,WV,23.4,30.6
54007,Braxton,WV,23.7,33.3
54009,Brooke,WV,14.9,20.3
54011,Cabell,WV,20.2,26.5
54013,Calhoun,WV,20.0,30.0
54015,Clay,WV,27.7,37.4
54017,Doddridge,WV,18.1,25.8
54019,Fayette,WV,19.9,28.9
54021,Gilmer,WV,25.8,26.3
54023,Grant,WV,15.9,24.4
54025,Greenbrier,WV,19.0,27.1
54027,Hampshire,WV,18.6,27.9
54029,Hancock,WV,13.7,21.5
54031,Hardy,WV,14.4,23.9
54033,Harrison,WV,16.0,21.9
54035,Jackson,WV,15.4,22.8
54037,Jefferson,WV,10.6,13.8
54039,Kanawha,WV,16.5,24.8
54041,Lewis,WV,20.6,27.5
54043,Lincoln,WV,28.3,36.6
54045,Logan,WV,22.4,29.9
54047,McDowell,WV,34.5,46.8
54049,Marion,WV,16.0,22.1
54051,Marshall,WV,12.6,20.6
54053,Mason,WV,22.3,30.2
54055,Mercer,WV,21.1,29.9
54057,Mineral,WV,15.4,21.5
54059,Mingo,WV,29.0,38.7
54061,Monongalia,WV,19.6,15.5
54063,Monroe,WV,18.5,24.7
54065,Morgan,WV,14.1,22.0
54067,Nicholas,WV,18.5,27.0
54069,Ohio,WV,14.0,19.5
54071,Pendleton,WV,16.4,25.7
54073,Pleasants,WV,15.4,19.8
54075,Pocahontas,WV,18.9,30.1
54077,Preston,WV,17.0,23.2
54079,Putnam,WV,10.4,13.0
54081,Raleigh,WV,19.9,27.9
54083,Randolph,WV,19.8,28.4
54085,Ritchie,WV,18.5,25.6
54087,Roane,WV,21.1,30.1
54089,Summers,WV,26.4,35.9
54091,Taylor,WV,16.2,22.8
54093,Tucker,WV,17.1,24.1
54095,Tyler,WV,16.3,23.3
54097,Upshur,WV,17.3,26.1
54099,Wayne,WV,22.5,31.1
54101,Webster,WV,29.6,41.0
54103,Wetzel,WV,20.0,29.1
54105,Wirt,WV,17.9,27.0
54107,Wood,WV,17.3,25.3
54109,Wyoming,WV,22.5,31.6
55001,Adams,WI,17.4,29.3
55003,Ashland,WI,17.2,25.1
55005,Barron,WI,10.5,17.0
55007,Bayfield,WI,11.1,20.7
55009,Brown,WI,11.1,14.4
55011,Buffalo,WI,10.2,13.5
55013,Burnett,WI,13.1,22.3
55015,Calumet,WI,6.2,7.6
55017,Chippewa,WI,10.8,15.3
55019,Clark,WI,13.9,21.0
55021,Columbia,WI,8.9,12.6
55023,Crawford,WI,14.5,20.6
55025,Dane,WI,11.2,10.4
55027,Dodge,WI,8.7,11.7
55029,Door,WI,8.5,14.5
55031,Douglas,WI,14.8,20.1
55033,Dunn,WI,13.5,16.2
55035,Eau Claire,WI,13.6,15.7
55037,Florence,WI,12.2,20.2
55039,Fond du Lac,WI,9.4,12.3
55041,Forest,WI,14.5,22.3
55043,Grant,WI,14.0,16.7
55045,Green,WI,7.5,10.7
55047,Green Lake,WI,12.2,19.9
55049,Iowa,WI,9.5,12.3
55051,Iron,WI,13.0,20.5
55053,Jackson,WI,12.4,19.6
55055,Jefferson,WI,9.2,12.4
55057,Juneau,WI,14.5,21.2
55059,Kenosha,WI,12.7,18.9
55061,Kewaunee,WI,8.2,10.3
55063,La Crosse,WI,14.4,12.4
55065,Lafayette,WI,10.5,16.9
55067,Langlade,WI,14.4,22.8
55069,Lincoln,WI,9.8,14.7
55071,Manitowoc,WI,10.7,15.1
55073,Marathon,WI,9.5,13.5
55075,Marinette,WI,12.7,18.6
55077,Marquette,WI,12.0,19.6
55078,Menominee,WI,35.2,50.9
55079,Milwaukee,WI,20.3,29.5
55081,Monroe,WI,12.8,19.6
55083,Oconto,WI,9.7,13.9
55085,Oneida,WI,9.5,16.2
55087,Outagamie,WI,9.0,12.0
55089,Ozaukee,WI,5.2,5.2
55091,Pepin,WI,10.1,16.9
55093,Pierce,WI,9.8,9.2
55095,Polk,WI,10.1,14.2
55097,Portage,WI,12.2,12.1
55099,Price,WI,13.0,18.2
55101,Racine,WI,12.4,18.4
55103,Richland,WI,14.2,21.8
55105,Rock,WI,13.9,20.1
55107,Rusk,WI,14.0,23.2
55109,St. Croix,WI,5.7,6.9
55111,Sauk,WI,11.7,16.8
55113,Sawyer,WI,15.5,27.8
55115,Shawano,WI,11.6,18.8
55117,Sheboygan,WI,9.0,11.8
55119,Taylor,WI,12.4,19.5
55121,Trempealeau,WI,9.4,13.5
55123,Vernon,WI,14.8,26.4
55125,Vilas,WI,13.4,22.8
55127,Walworth,WI,12.4,14.7
55129,Washburn,WI,13.5,22.7
55131,Washington,WI,5.3,6.4
55133,Waukesha,WI,4.7,5.1
55135,Waupaca,WI,10.7,14.4
55137,Waushara,WI,11.8,20.2
55139,Winnebago,WI,11.3,13.3
55141,Wood,WI,11.3,16.1
56001,Albany,WY,20.1,15.9
56003,Big Horn,WY,12.1,13.9
56005,Campbell,WY,7.5,8.9
56007,Carbon,WY,11.4,13.7
56009,Converse,WY,8.5,11.3
56011,Crook,WY,7.7,10.7
56013,Fremont,WY,12.9,18.2
56015,Goshen,WY,15.1,19.3
56017,Hot Springs,WY,11.9,16.3
56019,Johnson,WY,8.2,10.6
56021,Laramie,WY,10.6,13.6
56023,Lincoln,WY,8.8,10.6
56025,Natrona,WY,11.0,14.2
56027,Niobrara,WY,13.3,19.0
56029,Park,WY,9.6,13.8
56031,Platte,WY,11.7,17.4
56033,Sheridan,WY,9.5,13.2
56035,Sublette,WY,6.1,7.1
56037,Sweetwater,WY,8.5,10.2
56039,Teton,WY,6.6,7.6
56041,Uinta,WY,9.8,11.9
56043,Washakie,WY,11.2,15.7
56045,Weston,WY,9.8,13.1
